<!--
	⚠ This file was generated automatically ⚠
	You should remove this comment if you want to modify this file or "/biggerstacks quicksetup" will overwrite it without warning
	[[999 16 16]]
-->
<ruleset>
	<rule stacksize="16">
		<condition>id = minecraft:enchanted_book</condition>
	</rule>
	<rule stacksize="16">
		<or>
			<condition>id = minecraft:potion</condition>
			<condition>id = minecraft:splash_potion</condition>
			<condition>id = minecraft:lingering_potion</condition>
		</or>
	</rule>
	<rule stacksize="999">
		<condition>stacksize gt 1</condition>
	</rule>
</ruleset>