{
    "minecraft:husk": true,
    "aether:flying_cow": false,
    "aether:golden_swet": true,
    "aether:blue_swet": true,
    "born_in_chaos_v1:maggot": true,
    "aether:aechor_plant": true,
    "terramity:cave_gnome": false,
    "terramity:blue_fairy": false,
    "minecraft:spider": true,
    "armageddon_mod:eldoraththe_ancient_builder": true,
    "aether:sheepuff": false,
    "aether:moa": false,
    "minecraft:skeleton": true,
    "born_in_chaos_v1:baby_skeleton": true,
    "minecraft:zombie": true,
    "mutantmonsters:mutant_zombie": true,
    "graveyard:ghoul": true,
    "minecraft:pillager": true,
    "minecraft:vindicator": true,
    "minecraft:wither_skeleton": true,
    "alexsmobs:straddler": true,
    "minecraft:strider": false,
    "twilightforest:minotaur": true,
    "twilightforest:slime_beetle": true,
    "twilightforest:maze_slime": true,
    "minecraft:enderman": true,
    "minecraft:ender_dragon": true,
    "endermanoverhaul:end_enderman": true,
    "mutantmonsters:endersoul_clone": true,
    "mutantmonsters:mutant_enderman": true,
    "terramity:dungeon_sentry": false,
    "twilightforest:carminite_golem": true,
    "twilightforest:carminite_broodling": true,
    "twilightforest:squirrel": false,
    "irons_spellbooks:dead_king": true,
    "irons_spellbooks:summoned_zombie": true,
    "irons_spellbooks:summoned_skeleton": true,
    "minecraft:iron_golem": false,
    "minecraft:ravager": true,
    "illageandspillage:crocofang": true,
    "illageandspillage:igniter": true,
    "soulsweapons:draugr_boss": true,
    "goety:apostle": true,
    "goety:hostile_redstone_monstrosity": true,
    "goety:redstone_cube": true,
    "mowziesmobs:sculptor": false,
    "illageandspillage:freakager": true,
    "ancient_aether:mutated_aechor_plant": true,
    "aquamirae:captain_cornelia": true,
    "goety:skull_lord": true,
    "soulsweapons:returning_knight": true,
    "soulsweapons:remnant": true,
    "tofucraft:natto_cobweb": false,
    "minecraft:wither": true,
    "goety:wither_necromancer": true,
    "eeeabsmobs:corpse_warlock": true,
    "bosses_of_mass_destruction:gauntlet": true,
    "tofucraft:shudofuspider": false,
    "minecraft:wandering_trader": false,
    "soulsweapons:big_chungus": true,
    "soulsweapons:chaos_monarch": true,
    "minecraft:zombified_piglin": true
}