{
    "minecraft:wooden_shovel": true,
    "minecraft:wooden_pickaxe": true,
    "minecraft:wooden_axe": true,
    "minecraft:wooden_hoe": true,
    "minecraft:stone_shovel": true,
    "minecraft:stone_pickaxe": true,
    "minecraft:stone_axe": true,
    "minecraft:stone_hoe": true,
    "minecraft:iron_shovel": true,
    "minecraft:iron_pickaxe": true,
    "minecraft:iron_axe": true,
    "minecraft:iron_hoe": true,
    "minecraft:golden_shovel": true,
    "minecraft:golden_pickaxe": true,
    "minecraft:golden_axe": true,
    "minecraft:golden_hoe": true,
    "minecraft:diamond_shovel": true,
    "minecraft:diamond_pickaxe": true,
    "minecraft:diamond_axe": true,
    "minecraft:diamond_hoe": true,
    "quark:pickarang": true,
    "minecraft:netherite_shovel": true,
    "minecraft:netherite_pickaxe": true,
    "minecraft:netherite_axe": true,
    "minecraft:netherite_hoe": true,
    "quark:flamerang": true,
    "minecraft:fishing_rod": true,
    "minecraft:flint_and_steel": true,
    "minecraft:shears": true,
    "minecraft:brush": true,
    "minecraft:elytra": true,
    "minecraft:carrot_on_a_stick": true,
    "minecraft:warped_fungus_on_a_stick": true,
    "bossesofmassdestructiondelight:soul_star_knife": true,
    "ironsspellsdelight:arcane_knife": true,
    "minecraft:trident": true,
    "minecraft:shield": true,
    "immersive_weathering:flower_crown": true,
    "minecraft:leather_helmet": true,
    "minecraft:leather_chestplate": true,
    "minecraft:leather_leggings": true,
    "minecraft:leather_boots": true,
    "aether:leather_gloves": true,
    "minecraft:chainmail_helmet": true,
    "minecraft:chainmail_chestplate": true,
    "minecraft:chainmail_leggings": true,
    "minecraft:chainmail_boots": true,
    "aether:chainmail_gloves": true,
    "minecraft:iron_helmet": true,
    "minecraft:iron_chestplate": true,
    "minecraft:iron_leggings": true,
    "minecraft:iron_boots": true,
    "aether:iron_gloves": true,
    "minecraft:golden_helmet": true,
    "minecraft:golden_chestplate": true,
    "minecraft:golden_leggings": true,
    "minecraft:golden_boots": true,
    "aether:golden_gloves": true,
    "minecraft:diamond_helmet": true,
    "minecraft:diamond_chestplate": true,
    "minecraft:diamond_leggings": true,
    "minecraft:diamond_boots": true,
    "aether:diamond_gloves": true,
    "minecraft:netherite_helmet": true,
    "minecraft:netherite_chestplate": true,
    "minecraft:netherite_leggings": true,
    "minecraft:netherite_boots": true,
    "aether:netherite_gloves": true,
    "minecraft:turtle_helmet": true,
    "minecraft:bow": true,
    "minecraft:crossbow": true,
    "alexscavesdelight:azure_neodymium_knife": true,
    "alexscavesdelight:scarlet_neodymium_knife": true,
    "alexscavesdelight:uranium_knife": true,
    "alexscavesdelight:tectonic_knife": true,
    "alexscavesdelight:pearl_knife": true,
    "alexscavesdelight:pure_darkness_knife": true,
    "alexscavesdelight:gingerbread_knife": true,
    "alexscavesdelight:candy_knife": true,
    "alexscavesdelight:sweet_tooth_knife": true,
    "alexscavesdelight:caramel_knife": true,
    "conjurer_illager:conjurer_hat": true,
    "minecraft:book": true,
    "cataclysm_ut:crabbait": true,
    "goety:cauldron_ladle": true,
    "goety:philosophers_stone": true,
    "goety:cryptic_eye": true,
    "goety:ring_of_want": true,
    "goety:ring_of_force": true,
    "goety:ring_of_the_forge": true,
    "goety:ring_of_the_dragon": true,
    "goety:pendant_of_hunger": true,
    "goety:targeting_monocle": true,
    "goety:dark_hat": true,
    "goety:grand_turban": true,
    "goety:frost_crown": true,
    "goety:wild_crown": true,
    "goety:abyss_crown": true,
    "goety:nether_crown": true,
    "goety:necro_crown": true,
    "goety:nameless_crown": true,
    "goety:amethyst_necklace": true,
    "goety:witch_hat": true,
    "goety:witch_hat_hedge": true,
    "goety:crone_hat": true,
    "goety:unholy_hat": true,
    "goety:dark_robe": true,
    "goety:grand_robe": true,
    "goety:necro_cape": true,
    "goety:nameless_cape": true,
    "goety:illusion_robe": true,
    "goety:illusion_robe_mirror": true,
    "goety:frost_robe": true,
    "goety:frost_robe_cryo": true,
    "goety:wind_robe": true,
    "goety:storm_robe": true,
    "goety:wild_robe": true,
    "goety:abyss_robe": true,
    "goety:witch_robe": true,
    "goety:witch_robe_hedge": true,
    "goety:warlock_robe": true,
    "goety:warlock_robe_dark": true,
    "goety:warlock_sash": true,
    "goety:nether_robe": true,
    "goety:nether_robe_warped": true,
    "goety:unholy_robe": true,
    "goety:sea_amulet": true,
    "goety:feline_amulet": true,
    "goety:alarming_charm": true,
    "goety:wayfarers_belt": true,
    "goety:spiteful_belt": true,
    "goety:star_amulet": true,
    "goety:grave_glove": true,
    "goety:thrash_glove": true,
    "goety:vexing_focus": true,
    "goety:biting_focus": true,
    "goety:feast_focus": true,
    "goety:teeth_focus": true,
    "goety:shredding_focus": true,
    "goety:illusion_focus": true,
    "goety:ignite_focus": true,
    "goety:fire_breath_focus": true,
    "goety:soul_bolt_focus": true,
    "goety:magic_bolt_focus": true,
    "goety:sword_focus": true,
    "goety:soul_light_focus": true,
    "goety:glow_light_focus": true,
    "goety:crafting_focus": true,
    "goety:iron_hide_focus": true,
    "goety:bulwark_focus": true,
    "goety:soul_heal_focus": true,
    "goety:shockwave_focus": true,
    "goety:weakening_focus": true,
    "goety:arrow_rain_focus": true,
    "goety:telekinesis_focus": true,
    "goety:command_focus": true,
    "goety:sonic_boom_focus": true,
    "goety:corruption_focus": true,
    "goety:rotting_focus": true,
    "goety:osseous_focus": true,
    "goety:ghost_fire_focus": true,
    "goety:spooky_focus": true,
    "goety:phantasm_focus": true,
    "goety:vanguard_focus": true,
    "goety:blackguard_focus": true,
    "goety:leeching_focus": true,
    "goety:killing_focus": true,
    "goety:skull_focus": true,
    "goety:barricade_focus": true,
    "goety:quaking_focus": true,
    "goety:pulverize_focus": true,
    "goety:rotation_focus": true,
    "goety:burrowing_focus": true,
    "goety:sensing_focus": true,
    "goety:scatter_focus": true,
    "goety:eruption_focus": true,
    "goety:frost_breath_focus": true,
    "goety:ice_spike_focus": true,
    "goety:ice_storm_focus": true,
    "goety:hail_focus": true,
    "goety:iceology_focus": true,
    "goety:blizzard_focus": true,
    "goety:chilling_focus": true,
    "goety:frost_nova_focus": true,
    "goety:frostborn_focus": true,
    "goety:swarm_focus": true,
    "goety:poison_dart_focus": true,
    "goety:blossoming_focus": true,
    "goety:grapple_focus": true,
    "goety:hunting_focus": true,
    "goety:mauling_focus": true,
    "goety:slimy_focus": true,
    "goety:overgrowth_focus": true,
    "goety:entangling_focus": true,
    "goety:whispering_focus": true,
    "goety:launch_focus": true,
    "goety:flying_focus": true,
    "goety:cushion_focus": true,
    "goety:whirlwind_focus": true,
    "goety:cyclone_focus": true,
    "goety:updraft_focus": true,
    "goety:wind_blast_focus": true,
    "goety:trembling_focus": true,
    "goety:charge_focus": true,
    "goety:shocking_focus": true,
    "goety:thunderbolt_focus": true,
    "goety:electrocute_focus": true,
    "goety:monsoon_focus": true,
    "goety:discharge_focus": true,
    "goety:bolting_focus": true,
    "goety:lightning_focus": true,
    "goety:bubble_stream_focus": true,
    "goety:bouncy_bubble_focus": true,
    "goety:steaming_focus": true,
    "goety:trident_storm_focus": true,
    "goety:prisma_beam_focus": true,
    "goety:biomine_focus": true,
    "goety:tidal_focus": true,
    "goety:fireball_focus": true,
    "goety:lavaball_focus": true,
    "goety:magma_bomb_focus": true,
    "goety:fire_blast_focus": true,
    "goety:flame_strike_focus": true,
    "goety:wither_skull_focus": true,
    "goety:ghastly_focus": true,
    "goety:blazing_focus": true,
    "goety:call_focus": true,
    "goety:troop_focus": true,
    "goety:recall_focus": true,
    "goety:ender_chest_focus": true,
    "goety:end_walk_focus": true,
    "goety:blink_focus": true,
    "goety:banish_focus": true,
    "goety:tunnel_focus": true,
    "goety:rupture_focus": true,
    "goety:cursed_knight_helmet": true,
    "goety:cursed_knight_chestplate": true,
    "goety:cursed_knight_leggings": true,
    "goety:cursed_knight_boots": true,
    "goety:cursed_paladin_helmet": true,
    "goety:cursed_paladin_chestplate": true,
    "goety:cursed_paladin_leggings": true,
    "goety:cursed_paladin_boots": true,
    "goety:black_iron_helmet": true,
    "goety:black_iron_chestplate": true,
    "goety:black_iron_leggings": true,
    "goety:black_iron_boots": true,
    "goety:dark_helmet": true,
    "goety:dark_chestplate": true,
    "goety:dark_leggings": true,
    "goety:dark_boots": true,
    "goety:eerie_pickaxe": true,
    "goety:rampaging_axe": true,
    "goety:graverobber_shovel": true,
    "goety:hunters_bow": true,
    "goety:dark_shovel": true,
    "goety:dark_pickaxe": true,
    "goety:dark_axe": true,
    "goety:dark_hoe": true,
    "goety:infernal_tome": true,
    "goety:sculk_devourer": true,
    "goety:sculk_converter": true,
    "goety:sculk_grower": true,
    "mutantsbuff:upgraded_hulk_hammer": true,
    "mutantsbuff:charged_hammer": true,
    "mowziesmobs:wrought_axe": true,
    "mowziesmobs:wrought_helmet": true,
    "mowziesmobs:umvuthana_mask_fury": true,
    "mowziesmobs:umvuthana_mask_fear": true,
    "mowziesmobs:umvuthana_mask_rage": true,
    "mowziesmobs:umvuthana_mask_bliss": true,
    "mowziesmobs:umvuthana_mask_misery": true,
    "mowziesmobs:umvuthana_mask_faith": true,
    "mowziesmobs:sol_visage": true,
    "mowziesmobs:blowgun": true,
    "mutantmonsters:creeper_shard": true,
    "mutantmonsters:hulk_hammer": true,
    "mutantmonsters:mutant_skeleton_skull": true,
    "mutantmonsters:mutant_skeleton_chestplate": true,
    "mutantmonsters:mutant_skeleton_leggings": true,
    "mutantmonsters:mutant_skeleton_boots": true,
    "terramity:plumbers_wrench": true,
    "terramity:debug_wrench": true,
    "terramity:ruby_armor_helmet": true,
    "terramity:ruby_armor_chestplate": true,
    "terramity:ruby_armor_leggings": true,
    "terramity:ruby_armor_boots": true,
    "terramity:ruby_axe": true,
    "terramity:ruby_pickaxe": true,
    "terramity:ruby_shovel": true,
    "terramity:ruby_hoe": true,
    "terramity:sapphire_armor_helmet": true,
    "terramity:sapphire_armor_chestplate": true,
    "terramity:sapphire_armor_leggings": true,
    "terramity:sapphire_armor_boots": true,
    "terramity:sapphire_axe": true,
    "terramity:sapphire_pickaxe": true,
    "terramity:sapphire_shovel": true,
    "terramity:sapphire_hoe": true,
    "terramity:topaz_armor_helmet": true,
    "terramity:topaz_armor_chestplate": true,
    "terramity:topaz_armor_leggings": true,
    "terramity:topaz_armor_boots": true,
    "terramity:topaz_axe": true,
    "terramity:topaz_pickaxe": true,
    "terramity:topaz_shovel": true,
    "terramity:topaz_hoe": true,
    "terramity:onyx_armor_helmet": true,
    "terramity:onyx_armor_chestplate": true,
    "terramity:onyx_armor_leggings": true,
    "terramity:onyx_armor_boots": true,
    "terramity:onyx_axe": true,
    "terramity:onyx_pickaxe": true,
    "terramity:onyx_shovel": true,
    "terramity:onyx_hoe": true,
    "terramity:dimlite_helmet": true,
    "terramity:dimlite_chestplate": true,
    "terramity:dimlite_leggings": true,
    "terramity:dimlite_boots": true,
    "terramity:dimlite_axe": true,
    "terramity:dimlite_pickaxe": true,
    "terramity:dimlite_shovel": true,
    "terramity:dimlite_hoe": true,
    "terramity:virentium_armor_helmet": true,
    "terramity:virentium_armor_chestplate": true,
    "terramity:virentium_armor_leggings": true,
    "terramity:virentium_armor_boots": true,
    "terramity:virentium_axe": true,
    "terramity:virentium_pickaxe": true,
    "terramity:virentium_shovel": true,
    "terramity:virentium_hoe": true,
    "terramity:cosmilite_armor_helmet": true,
    "terramity:cosmilite_armor_chestplate": true,
    "terramity:cosmilite_armor_leggings": true,
    "terramity:cosmilite_armor_boots": true,
    "terramity:cosmilite_axe": true,
    "terramity:cosmilite_pickaxe": true,
    "terramity:cosmilite_shovel": true,
    "terramity:cosmilite_hoe": true,
    "terramity:iridium_armor_helmet": true,
    "terramity:iridium_armor_chestplate": true,
    "terramity:iridium_armor_leggings": true,
    "terramity:iridium_armor_boots": true,
    "terramity:iridium_axe": true,
    "terramity:iridium_pickaxe": true,
    "terramity:iridium_shovel": true,
    "terramity:iridium_hoe": true,
    "terramity:void_mage_helmet": true,
    "terramity:void_mage_chestplate": true,
    "terramity:void_mage_leggings": true,
    "terramity:void_mage_boots": true,
    "terramity:void_axe": true,
    "terramity:void_pickaxe": true,
    "terramity:void_shovel": true,
    "terramity:void_hoe": true,
    "terramity:conductite_scouter_helmet": true,
    "terramity:conductite_armor_chestplate": true,
    "terramity:conductite_armor_leggings": true,
    "terramity:conductite_armor_boots": true,
    "terramity:conductite_axe": true,
    "terramity:conductite_pickaxe": true,
    "terramity:conductite_shovel": true,
    "terramity:conductite_hoe": true,
    "terramity:hellspec_helmet": true,
    "terramity:hellspec_chestplate": true,
    "terramity:hellspec_leggings": true,
    "terramity:hellspec_boots": true,
    "terramity:hellspec_axe": true,
    "terramity:hellspec_pickaxe": true,
    "terramity:hellspec_shovel": true,
    "terramity:hellspec_hoe": true,
    "terramity:nyxium_knight_helmet": true,
    "terramity:nyxium_knight_chestplate": true,
    "terramity:nyxium_knight_leggings": true,
    "terramity:nyxium_knight_boots": true,
    "terramity:nyxium_axe": true,
    "terramity:nyxium_pickaxe": true,
    "terramity:nyxium_shovel": true,
    "terramity:nyxium_hoe": true,
    "terramity:exodium_warlock_helmet": true,
    "terramity:exodium_warlock_chestplate": true,
    "terramity:exodium_warlock_leggings": true,
    "terramity:exodium_warlock_boots": true,
    "terramity:exodium_waraxe": true,
    "terramity:exodium_pickaxe": true,
    "terramity:exodium_shovel": true,
    "terramity:exodium_hoe": true,
    "terramity:reverium_paladin_helmet": true,
    "terramity:reverium_paladin_chestplate": true,
    "terramity:reverium_paladin_leggings": true,
    "terramity:reverium_paladin_boots": true,
    "terramity:reverium_axe": true,
    "terramity:reverium_pickaxe": true,
    "terramity:reverium_shovel": true,
    "terramity:reverium_hoe": true,
    "terramity:red_gnome_hat_helmet": true,
    "terramity:blue_gnome_hat_helmet": true,
    "terramity:gobs_gilded_hat_helmet": true,
    "terramity:evil_king_armor_helmet": true,
    "terramity:evil_king_armor_chestplate": true,
    "terramity:evil_king_armor_leggings": true,
    "terramity:evil_king_armor_boots": true,
    "terramity:conjuror_helmet": true,
    "terramity:conjuror_chestplate": true,
    "terramity:conjuror_leggings": true,
    "terramity:conjuror_boots": true,
    "terramity:gundalfs_hat_helmet": true,
    "terramity:giant_dungeon_slab": true,
    "terramity:hellrok_gigaton_hammer": true,
    "terramity:axe_of_unholy_divinity": true,
    "terramity:devastation": true,
    "terramity:unholy_lance": true,
    "terramity:fireball_sceptre": true,
    "terramity:lightning_sceptre": true,
    "terramity:lightning_staff": true,
    "terramity:enderswap_sceptre": true,
    "terramity:perish_staff": true,
    "terramity:handcannon": true,
    "terramity:flintlock_pistol": true,
    "terramity:basic_pistol": true,
    "terramity:advanced_pistol": true,
    "terramity:suppressed_advanced_pistol": true,
    "terramity:plague_pistol": true,
    "terramity:requiem": true,
    "terramity:vulcan": true,
    "terramity:big_iron": true,
    "terramity:six_shooter": true,
    "terramity:celestial_sixty": true,
    "terramity:five_thousand_magnum": true,
    "terramity:basic_rifle": true,
    "terramity:advanced_burst_rifle": true,
    "terramity:advanced_automatic_rifle": true,
    "terramity:gaias_tempest": true,
    "terramity:nihility": true,
    "terramity:titanomachy": true,
    "terramity:stairway_to_heaven": true,
    "terramity:elite_rifle": true,
    "terramity:anti_material_rifle": true,
    "terramity:antimatter_rifle": true,
    "terramity:davy_jones": true,
    "terramity:divine_intervention": true,
    "terramity:fortunes_favor": true,
    "terramity:blasphemic_rapture": true,
    "terramity:blunderbuss": true,
    "terramity:sawed_off_shotgun": true,
    "terramity:onyx_storm": true,
    "terramity:pump_action_shotgun": true,
    "terramity:plaguebringer": true,
    "terramity:cosmic_storm": true,
    "terramity:hellfire_flurry": true,
    "terramity:asphodel": true,
    "terramity:olympus": true,
    "terramity:flare_gun": true,
    "terramity:meteor_cannon": true,
    "terramity:rocket_launcher": true,
    "terramity:overclocked_microwave": true,
    "terramity:railgun": true,
    "terramity:planet_buster": true,
    "terramity:conductite_laser_rifle": true,
    "terramity:glass_ring": true,
    "terramity:daemonium_glass_ring": true,
    "terramity:antimatter_pacemaker": true,
    "sons_of_sins:remnant_helmet": true,
    "sons_of_sins:remnant_chestplate": true,
    "sons_of_sins:remnant_leggings": true,
    "sons_of_sins:remnant_boots": true,
    "sons_of_sins:osseous_pickaxe": true,
    "sons_of_sins:osseous_axe": true,
    "sons_of_sins:osseous_shovel": true,
    "sons_of_sins:osseous_hoe": true,
    "sons_of_sins:shape_shifting_tool": true,
    "sons_of_sins:flesh_pickaxe": true,
    "sons_of_sins:flesh_axe": true,
    "sons_of_sins:flesh_shovel": true,
    "sons_of_sins:flesh_hoe": true,
    "aquamirae:terrible_helmet": true,
    "aquamirae:terrible_chestplate": true,
    "aquamirae:terrible_leggings": true,
    "aquamirae:terrible_boots": true,
    "aquamirae:abyssal_heaume": true,
    "aquamirae:abyssal_brigantine": true,
    "aquamirae:abyssal_leggings": true,
    "aquamirae:abyssal_boots": true,
    "aquamirae:abyssal_tiara": true,
    "aquamirae:three_bolt_helmet": true,
    "aquamirae:three_bolt_suit": true,
    "aquamirae:three_bolt_leggings": true,
    "aquamirae:three_bolt_boots": true,
    "blue_skies:zeal_lighter": true,
    "blue_skies:bluebright_shovel": true,
    "blue_skies:bluebright_pickaxe": true,
    "blue_skies:bluebright_axe": true,
    "blue_skies:bluebright_hoe": true,
    "blue_skies:starlit_shovel": true,
    "blue_skies:starlit_pickaxe": true,
    "blue_skies:starlit_axe": true,
    "blue_skies:starlit_hoe": true,
    "blue_skies:frostbright_shovel": true,
    "blue_skies:frostbright_pickaxe": true,
    "blue_skies:frostbright_axe": true,
    "blue_skies:frostbright_hoe": true,
    "blue_skies:lunar_shovel": true,
    "blue_skies:lunar_pickaxe": true,
    "blue_skies:lunar_axe": true,
    "blue_skies:lunar_hoe": true,
    "blue_skies:dusk_shovel": true,
    "blue_skies:dusk_pickaxe": true,
    "blue_skies:dusk_axe": true,
    "blue_skies:dusk_hoe": true,
    "blue_skies:maple_shovel": true,
    "blue_skies:maple_pickaxe": true,
    "blue_skies:maple_axe": true,
    "blue_skies:maple_hoe": true,
    "blue_skies:comet_shovel": true,
    "blue_skies:comet_pickaxe": true,
    "blue_skies:comet_axe": true,
    "blue_skies:comet_hoe": true,
    "blue_skies:turquoise_stone_shovel": true,
    "blue_skies:turquoise_stone_pickaxe": true,
    "blue_skies:turquoise_stone_axe": true,
    "blue_skies:turquoise_stone_hoe": true,
    "blue_skies:lunar_stone_shovel": true,
    "blue_skies:lunar_stone_pickaxe": true,
    "blue_skies:lunar_stone_axe": true,
    "blue_skies:lunar_stone_hoe": true,
    "blue_skies:pyrope_shovel": true,
    "blue_skies:pyrope_pickaxe": true,
    "blue_skies:pyrope_axe": true,
    "blue_skies:pyrope_hoe": true,
    "blue_skies:aquite_shovel": true,
    "blue_skies:aquite_pickaxe": true,
    "blue_skies:aquite_axe": true,
    "blue_skies:aquite_hoe": true,
    "blue_skies:diopside_shovel": true,
    "blue_skies:diopside_pickaxe": true,
    "blue_skies:diopside_axe": true,
    "blue_skies:diopside_hoe": true,
    "blue_skies:charoite_shovel": true,
    "blue_skies:charoite_pickaxe": true,
    "blue_skies:charoite_axe": true,
    "blue_skies:charoite_hoe": true,
    "blue_skies:horizonite_shovel": true,
    "blue_skies:horizonite_pickaxe": true,
    "blue_skies:horizonite_axe": true,
    "blue_skies:horizonite_hoe": true,
    "blue_skies:bluebright_spear": true,
    "blue_skies:starlit_spear": true,
    "blue_skies:frostbright_spear": true,
    "blue_skies:lunar_spear": true,
    "blue_skies:dusk_spear": true,
    "blue_skies:maple_spear": true,
    "blue_skies:comet_spear": true,
    "blue_skies:soulbound_spear": true,
    "blue_skies:moonstone_shield": true,
    "blue_skies:spike_shield": true,
    "blue_skies:summoning_tome": true,
    "blue_skies:alchemy_scroll": true,
    "blue_skies:crushing_hammer": true,
    "blue_skies:venom_sac": true,
    "blue_skies:ventium_shears": true,
    "blue_skies:pyrope_helmet": true,
    "blue_skies:pyrope_chestplate": true,
    "blue_skies:pyrope_leggings": true,
    "blue_skies:pyrope_boots": true,
    "blue_skies:aquite_helmet": true,
    "blue_skies:aquite_chestplate": true,
    "blue_skies:aquite_leggings": true,
    "blue_skies:aquite_boots": true,
    "blue_skies:diopside_helmet": true,
    "blue_skies:diopside_chestplate": true,
    "blue_skies:diopside_leggings": true,
    "blue_skies:diopside_boots": true,
    "blue_skies:charoite_helmet": true,
    "blue_skies:charoite_chestplate": true,
    "blue_skies:charoite_leggings": true,
    "blue_skies:charoite_boots": true,
    "blue_skies:horizonite_helmet": true,
    "blue_skies:horizonite_chestplate": true,
    "blue_skies:horizonite_leggings": true,
    "blue_skies:horizonite_boots": true,
    "vc_gliders:paraglider_netherite": true,
    "vc_gliders:paraglider_diamond": true,
    "vc_gliders:paraglider_iron": true,
    "vc_gliders:paraglider_gold": true,
    "vc_gliders:paraglider_wood": true,
    "aether:skyroot_shovel": true,
    "aether:skyroot_pickaxe": true,
    "aether:skyroot_axe": true,
    "aether:skyroot_hoe": true,
    "aether:holystone_shovel": true,
    "aether:holystone_pickaxe": true,
    "aether:holystone_axe": true,
    "aether:holystone_hoe": true,
    "aether:zanite_shovel": true,
    "aether:zanite_pickaxe": true,
    "aether:zanite_axe": true,
    "aether:zanite_hoe": true,
    "aether:gravitite_shovel": true,
    "aether:gravitite_pickaxe": true,
    "aether:gravitite_axe": true,
    "aether:gravitite_hoe": true,
    "aether:valkyrie_shovel": true,
    "aether:valkyrie_pickaxe": true,
    "aether:valkyrie_axe": true,
    "aether:valkyrie_hoe": true,
    "lost_aether_content:phoenix_shovel": true,
    "lost_aether_content:phoenix_pickaxe": true,
    "lost_aether_content:phoenix_axe": true,
    "lost_aether_content:phoenix_hoe": true,
    "lost_aether_content:zanite_shield": true,
    "lost_aether_content:gravitite_shield": true,
    "lost_aether_content:shield_of_emile": true,
    "aether:golden_dart_shooter": true,
    "aether:poison_dart_shooter": true,
    "aether:enchanted_dart_shooter": true,
    "aether:phoenix_bow": true,
    "aether:cloud_staff": true,
    "aether:cold_parachute": true,
    "aether:golden_parachute": true,
    "aether:nature_staff": true,
    "aether:zanite_helmet": true,
    "aether:zanite_chestplate": true,
    "aether:zanite_leggings": true,
    "aether:zanite_boots": true,
    "aether:zanite_gloves": true,
    "aether:gravitite_helmet": true,
    "aether:gravitite_chestplate": true,
    "aether:gravitite_leggings": true,
    "aether:gravitite_boots": true,
    "aether:gravitite_gloves": true,
    "aether:neptune_helmet": true,
    "aether:neptune_chestplate": true,
    "aether:neptune_leggings": true,
    "aether:neptune_boots": true,
    "aether:neptune_gloves": true,
    "aether:valkyrie_helmet": true,
    "aether:valkyrie_chestplate": true,
    "aether:valkyrie_leggings": true,
    "aether:valkyrie_boots": true,
    "aether:valkyrie_gloves": true,
    "aether:phoenix_helmet": true,
    "aether:phoenix_chestplate": true,
    "aether:phoenix_leggings": true,
    "aether:phoenix_boots": true,
    "aether:phoenix_gloves": true,
    "aether:obsidian_helmet": true,
    "aether:obsidian_chestplate": true,
    "aether:obsidian_leggings": true,
    "aether:obsidian_boots": true,
    "aether:obsidian_gloves": true,
    "aether:sentry_boots": true,
    "lost_aether_content:agility_boots": true,
    "lost_aether_content:swetty_mask": true,
    "aether:zanite_ring": true,
    "aether:zanite_pendant": true,
    "aether:ice_ring": true,
    "aether:ice_pendant": true,
    "lost_aether_content:phoenix_cape": true,
    "aether:shield_of_repulsion": true,
    "lost_aether_content:sentry_shield": true,
    "lost_aether_content:invincibility_gem": true,
    "lost_aether_content:flaming_gemstone": true,
    "lost_aether_content:power_gloves": true,
    "illagerinvasion:platinum_infused_hatchet": true,
    "alexsmobs:roadrunner_boots": true,
    "alexsmobs:crocodile_chestplate": true,
    "alexsmobs:blood_sprayer": true,
    "alexsmobs:centipede_leggings": true,
    "alexsmobs:moose_headgear": true,
    "alexsmobs:frontier_cap": true,
    "alexsmobs:sombrero": true,
    "alexsmobs:spiked_turtle_shell": true,
    "alexsmobs:pocket_sand": true,
    "alexsmobs:hemolymph_blaster": true,
    "alexsmobs:straddleboard": true,
    "alexsmobs:emu_leggings": true,
    "alexsmobs:fedora": true,
    "alexsmobs:echolocator": true,
    "alexsmobs:endolocator": true,
    "alexsmobs:tarantula_hawk_elytra": true,
    "alexsmobs:dimensional_carver": true,
    "alexsmobs:shattered_dimensional_carver": true,
    "alexsmobs:shield_of_the_deep": true,
    "alexsmobs:froststalker_helmet": true,
    "alexsmobs:pigshoes": true,
    "alexsmobs:rocky_chestplate": true,
    "alexsmobs:squid_grapple": true,
    "alexsmobs:pupfish_locator": true,
    "alexsmobs:flying_fish_boots": true,
    "alexsmobs:novelty_hat": true,
    "alexsmobs:ghostly_pickaxe": true,
    "alexsmobs:unsettling_kimono": true,
    "alexsmobs:stink_ray": true,
    "iceandfire:armor_silver_metal_helmet": true,
    "iceandfire:armor_silver_metal_chestplate": true,
    "iceandfire:armor_silver_metal_leggings": true,
    "iceandfire:armor_silver_metal_boots": true,
    "iceandfire:silver_shovel": true,
    "iceandfire:silver_pickaxe": true,
    "iceandfire:silver_axe": true,
    "iceandfire:silver_hoe": true,
    "iceandfire:armor_copper_metal_helmet": true,
    "iceandfire:armor_copper_metal_chestplate": true,
    "iceandfire:armor_copper_metal_leggings": true,
    "iceandfire:armor_copper_metal_boots": true,
    "iceandfire:copper_shovel": true,
    "iceandfire:copper_pickaxe": true,
    "iceandfire:copper_axe": true,
    "iceandfire:copper_hoe": true,
    "iceandfire:fishing_spear": true,
    "iceandfire:dragonbone_shovel": true,
    "iceandfire:dragonbone_pickaxe": true,
    "iceandfire:dragonbone_axe": true,
    "iceandfire:dragonbone_hoe": true,
    "iceandfire:dragonbone_bow": true,
    "iceandfire:gorgon_head": true,
    "iceandfire:blindfold": true,
    "iceandfire:pixie_wand": true,
    "iceandfire:cyclops_eye": true,
    "iceandfire:sheep_helmet": true,
    "iceandfire:sheep_chestplate": true,
    "iceandfire:sheep_leggings": true,
    "iceandfire:sheep_boots": true,
    "iceandfire:siren_flute": true,
    "iceandfire:earplugs": true,
    "iceandfire:deathworm_yellow_helmet": true,
    "iceandfire:deathworm_yellow_chestplate": true,
    "iceandfire:deathworm_yellow_leggings": true,
    "iceandfire:deathworm_yellow_boots": true,
    "iceandfire:deathworm_white_helmet": true,
    "iceandfire:deathworm_white_chestplate": true,
    "iceandfire:deathworm_white_leggings": true,
    "iceandfire:deathworm_white_boots": true,
    "iceandfire:deathworm_red_helmet": true,
    "iceandfire:deathworm_red_chestplate": true,
    "iceandfire:deathworm_red_leggings": true,
    "iceandfire:deathworm_red_boots": true,
    "iceandfire:deathworm_gauntlet_yellow": true,
    "iceandfire:deathworm_gauntlet_white": true,
    "iceandfire:deathworm_gauntlet_red": true,
    "iceandfire:cockatrice_scepter": true,
    "iceandfire:myrmex_desert_shovel": true,
    "iceandfire:myrmex_desert_pickaxe": true,
    "iceandfire:myrmex_desert_axe": true,
    "iceandfire:myrmex_desert_hoe": true,
    "iceandfire:myrmex_jungle_shovel": true,
    "iceandfire:myrmex_jungle_pickaxe": true,
    "iceandfire:myrmex_jungle_axe": true,
    "iceandfire:myrmex_jungle_hoe": true,
    "iceandfire:myrmex_desert_helmet": true,
    "iceandfire:myrmex_desert_chestplate": true,
    "iceandfire:myrmex_desert_leggings": true,
    "iceandfire:myrmex_desert_boots": true,
    "iceandfire:myrmex_jungle_helmet": true,
    "iceandfire:myrmex_jungle_chestplate": true,
    "iceandfire:myrmex_jungle_leggings": true,
    "iceandfire:myrmex_jungle_boots": true,
    "iceandfire:tide_trident": true,
    "iceandfire:dragonsteel_fire_pickaxe": true,
    "iceandfire:dragonsteel_fire_axe": true,
    "iceandfire:dragonsteel_fire_shovel": true,
    "iceandfire:dragonsteel_fire_hoe": true,
    "iceandfire:dragonsteel_fire_helmet": true,
    "iceandfire:dragonsteel_fire_chestplate": true,
    "iceandfire:dragonsteel_fire_leggings": true,
    "iceandfire:dragonsteel_fire_boots": true,
    "iceandfire:dragonsteel_ice_pickaxe": true,
    "iceandfire:dragonsteel_ice_axe": true,
    "iceandfire:dragonsteel_ice_shovel": true,
    "iceandfire:dragonsteel_ice_hoe": true,
    "iceandfire:dragonsteel_ice_helmet": true,
    "iceandfire:dragonsteel_ice_chestplate": true,
    "iceandfire:dragonsteel_ice_leggings": true,
    "iceandfire:dragonsteel_ice_boots": true,
    "iceandfire:dragonsteel_lightning_pickaxe": true,
    "iceandfire:dragonsteel_lightning_axe": true,
    "iceandfire:dragonsteel_lightning_shovel": true,
    "iceandfire:dragonsteel_lightning_hoe": true,
    "iceandfire:dragonsteel_lightning_helmet": true,
    "iceandfire:dragonsteel_lightning_chestplate": true,
    "iceandfire:dragonsteel_lightning_leggings": true,
    "iceandfire:dragonsteel_lightning_boots": true,
    "iceandfire:lich_staff": true,
    "iceandfire:armor_red_helmet": true,
    "iceandfire:armor_red_chestplate": true,
    "iceandfire:armor_red_leggings": true,
    "iceandfire:armor_red_boots": true,
    "iceandfire:armor_bronze_helmet": true,
    "iceandfire:armor_bronze_chestplate": true,
    "iceandfire:armor_bronze_leggings": true,
    "iceandfire:armor_bronze_boots": true,
    "iceandfire:armor_green_helmet": true,
    "iceandfire:armor_green_chestplate": true,
    "iceandfire:armor_green_leggings": true,
    "iceandfire:armor_green_boots": true,
    "iceandfire:armor_gray_helmet": true,
    "iceandfire:armor_gray_chestplate": true,
    "iceandfire:armor_gray_leggings": true,
    "iceandfire:armor_gray_boots": true,
    "iceandfire:armor_blue_helmet": true,
    "iceandfire:armor_blue_chestplate": true,
    "iceandfire:armor_blue_leggings": true,
    "iceandfire:armor_blue_boots": true,
    "iceandfire:armor_white_helmet": true,
    "iceandfire:armor_white_chestplate": true,
    "iceandfire:armor_white_leggings": true,
    "iceandfire:armor_white_boots": true,
    "iceandfire:armor_sapphire_helmet": true,
    "iceandfire:armor_sapphire_chestplate": true,
    "iceandfire:armor_sapphire_leggings": true,
    "iceandfire:armor_sapphire_boots": true,
    "iceandfire:armor_silver_helmet": true,
    "iceandfire:armor_silver_chestplate": true,
    "iceandfire:armor_silver_leggings": true,
    "iceandfire:armor_silver_boots": true,
    "iceandfire:armor_electric_helmet": true,
    "iceandfire:armor_electric_chestplate": true,
    "iceandfire:armor_electric_leggings": true,
    "iceandfire:armor_electric_boots": true,
    "iceandfire:armor_amythest_helmet": true,
    "iceandfire:armor_amythest_chestplate": true,
    "iceandfire:armor_amythest_leggings": true,
    "iceandfire:armor_amythest_boots": true,
    "iceandfire:armor_copper_helmet": true,
    "iceandfire:armor_copper_chestplate": true,
    "iceandfire:armor_copper_leggings": true,
    "iceandfire:armor_copper_boots": true,
    "iceandfire:armor_black_helmet": true,
    "iceandfire:armor_black_chestplate": true,
    "iceandfire:armor_black_leggings": true,
    "iceandfire:armor_black_boots": true,
    "iceandfire:tide_blue_helmet": true,
    "iceandfire:tide_blue_chestplate": true,
    "iceandfire:tide_blue_leggings": true,
    "iceandfire:tide_blue_boots": true,
    "iceandfire:tide_bronze_helmet": true,
    "iceandfire:tide_bronze_chestplate": true,
    "iceandfire:tide_bronze_leggings": true,
    "iceandfire:tide_bronze_boots": true,
    "iceandfire:tide_deepblue_helmet": true,
    "iceandfire:tide_deepblue_chestplate": true,
    "iceandfire:tide_deepblue_leggings": true,
    "iceandfire:tide_deepblue_boots": true,
    "iceandfire:tide_green_helmet": true,
    "iceandfire:tide_green_chestplate": true,
    "iceandfire:tide_green_leggings": true,
    "iceandfire:tide_green_boots": true,
    "iceandfire:tide_purple_helmet": true,
    "iceandfire:tide_purple_chestplate": true,
    "iceandfire:tide_purple_leggings": true,
    "iceandfire:tide_purple_boots": true,
    "iceandfire:tide_red_helmet": true,
    "iceandfire:tide_red_chestplate": true,
    "iceandfire:tide_red_leggings": true,
    "iceandfire:tide_red_boots": true,
    "iceandfire:tide_teal_helmet": true,
    "iceandfire:tide_teal_chestplate": true,
    "iceandfire:tide_teal_leggings": true,
    "iceandfire:tide_teal_boots": true,
    "iceandfire:forest_troll_leather_helmet": true,
    "iceandfire:forest_troll_leather_chestplate": true,
    "iceandfire:forest_troll_leather_leggings": true,
    "iceandfire:forest_troll_leather_boots": true,
    "iceandfire:frost_troll_leather_helmet": true,
    "iceandfire:frost_troll_leather_chestplate": true,
    "iceandfire:frost_troll_leather_leggings": true,
    "iceandfire:frost_troll_leather_boots": true,
    "iceandfire:mountain_troll_leather_helmet": true,
    "iceandfire:mountain_troll_leather_chestplate": true,
    "iceandfire:mountain_troll_leather_leggings": true,
    "iceandfire:mountain_troll_leather_boots": true,
    "rats:piper_hat": true,
    "rats:plague_doctor_mask": true,
    "rats:black_death_mask": true,
    "rats:gilded_rat_flute": true,
    "rats:ratlantis_helmet": true,
    "rats:ratlantis_chestplate": true,
    "rats:ratlantis_leggings": true,
    "rats:ratlantis_boots": true,
    "rats:ratlantis_shovel": true,
    "rats:ratlantis_pickaxe": true,
    "rats:ratlantis_axe": true,
    "rats:ratlantis_hoe": true,
    "rats:ratlantis_bow": true,
    "goety_spillage:engineer_mallet": true,
    "goety_spillage:freaky_hat": true,
    "goety_spillage:freaky_robe": true,
    "goety_spillage:impish_focus": true,
    "goety_spillage:spirit_hand_focus": true,
    "goety_spillage:requiem_focus": true,
    "goety_spillage:soul_beam_focus": true,
    "twilightforest:knightmetal_helmet": true,
    "twilightforest:knightmetal_chestplate": true,
    "twilightforest:knightmetal_leggings": true,
    "twilightforest:knightmetal_boots": true,
    "twilightforest:knightmetal_pickaxe": true,
    "twilightforest:knightmetal_axe": true,
    "twilightforest:block_and_chain": true,
    "twilightforest:knightmetal_shield": true,
    "twilightforest:fiery_helmet": true,
    "twilightforest:fiery_chestplate": true,
    "twilightforest:fiery_leggings": true,
    "twilightforest:fiery_boots": true,
    "twilightforest:fiery_pickaxe": true,
    "twilightforest:gold_minotaur_axe": true,
    "twilightforest:diamond_minotaur_axe": true,
    "twilightforest:arctic_helmet": true,
    "twilightforest:arctic_chestplate": true,
    "twilightforest:arctic_leggings": true,
    "twilightforest:arctic_boots": true,
    "twilightforest:triple_bow": true,
    "twilightforest:seeker_bow": true,
    "twilightforest:ice_bow": true,
    "twilightforest:ender_bow": true,
    "twilightforest:giant_pickaxe": true,
    "twilightforest:phantom_helmet": true,
    "twilightforest:phantom_chestplate": true,
    "twilightforest:crumble_horn": true,
    "twilightforest:peacock_feather_fan": true,
    "farmersdelight:flint_knife": true,
    "farmersdelight:iron_knife": true,
    "farmersdelight:diamond_knife": true,
    "farmersdelight:netherite_knife": true,
    "farmersdelight:golden_knife": true,
    "delightful:bone_knife": true,
    "delightful:silver_knife": true,
    "delightful:gravitite_knife": true,
    "delightful:holystone_knife": true,
    "delightful:skyroot_knife": true,
    "delightful:zanite_knife": true,
    "delightful:phoenix_knife": true,
    "ends_delight:end_stone_knife": true,
    "ends_delight:purpur_knife": true,
    "ends_delight:dragon_egg_shell_knife": true,
    "ends_delight:dragon_tooth_knife": true,
    "eeeabsmobs:guardian_axe": true,
    "eeeabsmobs:immortal_axe": true,
    "eeeabsmobs:ghost_warrior_helmet": true,
    "eeeabsmobs:ghost_warrior_chestplate": true,
    "eeeabsmobs:ghost_warrior_leggings": true,
    "eeeabsmobs:ghost_warrior_boots": true,
    "born_in_chaos_v1:staffof_blindness": true,
    "born_in_chaos_v1:dark_metal_armor_helmet": true,
    "born_in_chaos_v1:dark_metal_armor_chestplate": true,
    "born_in_chaos_v1:dark_metal_armor_leggings": true,
    "born_in_chaos_v1:dark_metal_armor_boots": true,
    "born_in_chaos_v1:great_reaper_axe": true,
    "born_in_chaos_v1:nightmare_mantleofthe_night_helmet": true,
    "born_in_chaos_v1:nightmare_mantleofthe_night_chestplate": true,
    "born_in_chaos_v1:nightmare_mantleofthe_night_leggings": true,
    "born_in_chaos_v1:nightmare_mantleofthe_night_boots": true,
    "born_in_chaos_v1:staff_of_magic_arrows": true,
    "born_in_chaos_v1:bonescaller_staff": true,
    "born_in_chaos_v1:spiny_shell_armor_helmet": true,
    "born_in_chaos_v1:spiny_shell_armor_chestplate": true,
    "born_in_chaos_v1:damned_demomans_hat_helmet": true,
    "born_in_chaos_v1:missionary_hat_helmet": true,
    "born_in_chaos_v1:spiritual_guide_sombrero_helmet": true,
    "born_in_chaos_v1:lord_pumpkinheads_hat_helmet": true,
    "born_in_chaos_v1:pumpkinstaffa": true,
    "born_in_chaos_v1:pumpkinhandgun": true,
    "born_in_chaos_v1:sweet_axe": true,
    "born_in_chaos_v1:wood_splitter_axe": true,
    "born_in_chaos_v1:stormcallers_horn": true,
    "born_in_chaos_v1:charmof_power": true,
    "born_in_chaos_v1:charmof_resistance": true,
    "born_in_chaos_v1:charmof_stealth": true,
    "born_in_chaos_v1:charmof_endurance": true,
    "born_in_chaos_v1:charmof_fury": true,
    "cataclysm:coral_spear": true,
    "cataclysm:coral_bardiche": true,
    "cataclysm:black_steel_shovel": true,
    "cataclysm:black_steel_pickaxe": true,
    "cataclysm:black_steel_axe": true,
    "cataclysm:black_steel_hoe": true,
    "cataclysm:black_steel_targe": true,
    "cataclysm:cursed_bow": true,
    "cataclysm:wrath_of_the_desert": true,
    "cataclysm:laser_gatling": true,
    "cataclysm:bone_reptile_helmet": true,
    "cataclysm:bone_reptile_chestplate": true,
    "cataclysm:ignitium_helmet": true,
    "cataclysm:ignitium_elytra_chestplate": true,
    "cataclysm:ignitium_chestplate": true,
    "cataclysm:ignitium_leggings": true,
    "cataclysm:ignitium_boots": true,
    "cataclysm:cursium_helmet": true,
    "cataclysm:cursium_chestplate": true,
    "cataclysm:cursium_leggings": true,
    "cataclysm:cursium_boots": true,
    "cataclysm:monstrous_helm": true,
    "cataclysm:bloom_stone_pauldrons": true,
    "twilightdelight:knightmetal_knife": true,
    "twilightdelight:fiery_knife": true,
    "soulsweapons:moonstone_ring": true,
    "soulsweapons:skofnung_stone": true,
    "soulsweapons:moonstone_shovel": true,
    "soulsweapons:moonstone_pickaxe": true,
    "soulsweapons:moonstone_axe": true,
    "soulsweapons:moonstone_hoe": true,
    "soulsweapons:chaos_crown": true,
    "soulsweapons:chaos_helmet": true,
    "soulsweapons:arkenplate": true,
    "soulsweapons:enhanced_arkenplate": true,
    "soulsweapons:withered_chest": true,
    "soulsweapons:enhanced_withered_chest": true,
    "soulsweapons:chaos_robes": true,
    "soulsweapons:soul_ingot_helmet": true,
    "soulsweapons:soul_ingot_chestplate": true,
    "soulsweapons:soul_ingot_leggings": true,
    "soulsweapons:soul_ingot_boots": true,
    "soulsweapons:soul_robes_helmet": true,
    "soulsweapons:soul_robes_chestplate": true,
    "soulsweapons:soul_robes_leggings": true,
    "soulsweapons:soul_robes_boots": true,
    "soulsweapons:forlorn_helmet": true,
    "soulsweapons:forlorn_chestplate": true,
    "soulsweapons:forlorn_leggings": true,
    "soulsweapons:forlorn_boots": true,
    "soulsweapons:galeforce": true,
    "soulsweapons:leviathan_axe": true,
    "soulsweapons:kraken_slayer": true,
    "soulsweapons:kraken_slayer_crossbow": true,
    "soulsweapons:darkmoon_longbow": true,
    "soulsweapons:hunter_pistol": true,
    "soulsweapons:blunderbuss": true,
    "soulsweapons:gatling_gun": true,
    "soulsweapons:hunter_cannon": true,
    "armageddon_mod:iron_remote": true,
    "armageddon_mod:iron_colossus_arm": true,
    "armageddon_mod:goblin_lord_treasure_bag": true,
    "armageddon_mod:strange_coin": true,
    "armageddon_mod:gilded_armor_helmet": true,
    "armageddon_mod:gilded_armor_chestplate": true,
    "armageddon_mod:gilded_armor_leggings": true,
    "armageddon_mod:gilded_armor_boots": true,
    "armageddon_mod:gilded_pickaxe": true,
    "armageddon_mod:gilded_shovel": true,
    "armageddon_mod:gilded_hoe": true,
    "armageddon_mod:gilded_axe": true,
    "armageddon_mod:emerald_totem": true,
    "armageddon_mod:arion_helmet_helmet": true,
    "armageddon_mod:builder_stone": true,
    "armageddon_mod:the_worldshaper_axe": true,
    "armageddon_mod:titan_insigna": true,
    "armageddon_mod:the_titans_oath": true,
    "armageddon_mod:fiery_wither_skull": true,
    "armageddon_mod:zoranths_helmet_helmet": true,
    "armageddon_mod:elvenite_armor_helmet": true,
    "armageddon_mod:elvenite_armor_chestplate": true,
    "armageddon_mod:elvenite_armor_leggings": true,
    "armageddon_mod:elvenite_armor_boots": true,
    "armageddon_mod:elvenite_pickaxe": true,
    "armageddon_mod:elvenite_axe": true,
    "armageddon_mod:elvenite_shovel": true,
    "armageddon_mod:elvenite_hoe": true,
    "armageddon_mod:elvenite_paxel": true,
    "armageddon_mod:novice_builder_armor_helmet": true,
    "armageddon_mod:novice_builder_armor_chestplate": true,
    "armageddon_mod:novice_builder_armor_leggings": true,
    "armageddon_mod:novice_builder_armor_boots": true,
    "armageddon_mod:apprentice_builder_armor_helmet": true,
    "armageddon_mod:apprentice_builder_armor_chestplate": true,
    "armageddon_mod:apprentice_builder_armor_leggings": true,
    "armageddon_mod:apprentice_builder_armor_boots": true,
    "armageddon_mod:sparkling_stick": true,
    "armageddon_mod:frosted_stick": true,
    "biomemakeover:cowboy_hat": true,
    "biomemakeover:witch_hat": true,
    "biomemakeover:cladded_helmet": true,
    "biomemakeover:cladded_chestplate": true,
    "biomemakeover:cladded_leggings": true,
    "biomemakeover:cladded_boots": true,
    "waystones:warp_stone": true,
    "bosses_of_mass_destruction:earthdive_spear": true,
    "better_fishing_rods:lucky_fishing_rod": true,
    "better_fishing_rods:slimy_fishing_rod": true,
    "better_fishing_rods:lucky_slimy_fishing_rod": true,
    "better_fishing_rods:wheaty_fishing_rod": true,
    "better_fishing_rods:lucky_wheaty_fishing_rod": true,
    "better_fishing_rods:coraly_fishing_rod": true,
    "better_fishing_rods:lucky_coraly_fishing_rod": true,
    "better_fishing_rods:villager_fishing_rod": true,
    "better_fishing_rods:lucky_villager_fishing_rod": true,
    "better_fishing_rods:golden_fishing_rod": true,
    "better_fishing_rods:lucky_golden_fishing_rod": true,
    "better_fishing_rods:meaty_fishing_rod": true,
    "better_fishing_rods:lucky_meaty_fishing_rod": true,
    "better_fishing_rods:orely_fishing_rod": true,
    "better_fishing_rods:lucky_orely_fishing_rod": true,
    "alexscaves:galena_gauntlet": true,
    "alexscaves:resistor_shield": true,
    "alexscaves:primitive_club": true,
    "alexscaves:primordial_helmet": true,
    "alexscaves:primordial_tunic": true,
    "alexscaves:primordial_pants": true,
    "alexscaves:extinction_spear": true,
    "alexscaves:hazmat_mask": true,
    "alexscaves:hazmat_chestplate": true,
    "alexscaves:hazmat_leggings": true,
    "alexscaves:hazmat_boots": true,
    "alexscaves:raygun": true,
    "alexscaves:diving_helmet": true,
    "alexscaves:diving_chestplate": true,
    "alexscaves:diving_leggings": true,
    "alexscaves:diving_boots": true,
    "alexscaves:ortholance": true,
    "alexscaves:magic_conch": true,
    "alexscaves:sea_staff": true,
    "alexscaves:totem_of_possession": true,
    "alexscaves:hood_of_darkness": true,
    "alexscaves:cloak_of_darkness": true,
    "alexscaves:dreadbow": true,
    "alexscaves:rainbounce_boots": true,
    "alexscaves:shot_gum": true,
    "alexscaves:candy_cane_hook": true,
    "alexscaves:sugar_staff": true,
    "alexscaves:gingerbread_helmet": true,
    "alexscaves:gingerbread_chestplate": true,
    "alexscaves:gingerbread_leggings": true,
    "alexscaves:gingerbread_boots": true,
    "endermanoverhaul:badlands_hood": true,
    "endermanoverhaul:savanna_hood": true,
    "endermanoverhaul:snowy_hood": true,
    "endermanoverhaul:corrupted_shield": true,
    "legendary_monsters:axe_of_lightning": true,
    "legendary_monsters:golden_halbert": true,
    "legendary_monsters:sand_cannon": true,
    "legendary_monsters:chorus_cannon": true,
    "legendary_monsters:chorus_mask": true,
    "legendary_monsters:shulker_helmet": true,
    "legendary_monsters:blastproof_helmet": true,
    "legendary_monsters:fiery_boots": true,
    "legendary_monsters:atmospheric_boots": true,
    "legendary_monsters:withered_ribcage": true,
    "legendary_monsters:mossy_chestplate": true,
    "legendary_monsters:shulker_shield": true,
    "legendary_monsters:dinosaur_bone_shield": true,
    "legendary_monsters:frostbitten_shield": true,
    "legendary_monsters:spiky_shield": true,
    "irons_spellbooks:wandering_magician_helmet": true,
    "irons_spellbooks:wandering_magician_chestplate": true,
    "irons_spellbooks:wandering_magician_leggings": true,
    "irons_spellbooks:wandering_magician_boots": true,
    "irons_spellbooks:pumpkin_helmet": true,
    "irons_spellbooks:pumpkin_chestplate": true,
    "irons_spellbooks:pumpkin_leggings": true,
    "irons_spellbooks:pumpkin_boots": true,
    "irons_spellbooks:pyromancer_helmet": true,
    "irons_spellbooks:pyromancer_chestplate": true,
    "irons_spellbooks:pyromancer_leggings": true,
    "irons_spellbooks:pyromancer_boots": true,
    "irons_spellbooks:electromancer_helmet": true,
    "irons_spellbooks:electromancer_chestplate": true,
    "irons_spellbooks:electromancer_leggings": true,
    "irons_spellbooks:electromancer_boots": true,
    "irons_spellbooks:archevoker_helmet": true,
    "irons_spellbooks:archevoker_chestplate": true,
    "irons_spellbooks:archevoker_leggings": true,
    "irons_spellbooks:archevoker_boots": true,
    "irons_spellbooks:cultist_helmet": true,
    "irons_spellbooks:cultist_chestplate": true,
    "irons_spellbooks:cultist_leggings": true,
    "irons_spellbooks:cultist_boots": true,
    "irons_spellbooks:cryomancer_helmet": true,
    "irons_spellbooks:cryomancer_chestplate": true,
    "irons_spellbooks:cryomancer_leggings": true,
    "irons_spellbooks:cryomancer_boots": true,
    "irons_spellbooks:shadowwalker_helmet": true,
    "irons_spellbooks:shadowwalker_chestplate": true,
    "irons_spellbooks:shadowwalker_leggings": true,
    "irons_spellbooks:shadowwalker_boots": true,
    "irons_spellbooks:priest_helmet": true,
    "irons_spellbooks:priest_chestplate": true,
    "irons_spellbooks:priest_leggings": true,
    "irons_spellbooks:priest_boots": true,
    "irons_spellbooks:plagued_helmet": true,
    "irons_spellbooks:plagued_chestplate": true,
    "irons_spellbooks:plagued_leggings": true,
    "irons_spellbooks:plagued_boots": true,
    "irons_spellbooks:netherite_mage_helmet": true,
    "irons_spellbooks:netherite_mage_chestplate": true,
    "irons_spellbooks:netherite_mage_leggings": true,
    "irons_spellbooks:netherite_mage_boots": true,
    "irons_spellbooks:tarnished_helmet": true,
    "minecraft:netherite_sword": true,
    "goety:frozen_blade": true,
    "aetherdelight:stratus_knife": true,
    "aquamirae:dagger_of_greed": true,
    "aquamirae:divider": true,
    "cataclysm:gauntlet_of_guard": true,
    "cataclysm:meat_shredder": true,
    "cataclysm:soul_render": true,
    "cataclysm:the_incinerator": true,
    "cataclysm:athame": true,
    "twilightforest:ice_sword": true,
    "aquamirae:coral_lance": true,
    "minecraft:wooden_sword": true,
    "irons_spellbooks:keeper_flamberge": true,
    "minecraft:iron_sword": true,
    "aether:flaming_sword": true,
    "aether:holy_sword": true,
    "explorerscompass:explorerscompass": true,
    "mekanism:hdpe_elytra": true,
    "delightful:tin_knife": true,
    "delightful:steel_knife": true,
    "delightful:bronze_knife": true,
    "delightful:lead_knife": true,
    "mekanismdelight:bronze_knife": true,
    "mekanismdelight:enriched_carbon_knife": true,
    "mekanismdelight:enriched_diamond_knife": true,
    "mekanismdelight:enriched_gold_knife": true,
    "mekanismdelight:enriched_redstone_knife": true,
    "mekanismdelight:enriched_refined_obsidian_knife": true,
    "mekanismdelight:enriched_tin_knife": true,
    "mekanismdelight:fluorite_knife": true,
    "mekanismdelight:lead_knife": true,
    "mekanismdelight:osmium_knife": true,
    "mekanismdelight:refined_glowstone_knife": true,
    "mekanismdelight:refined_obsidian_knife": true,
    "mekanismdelight:steel_knife": true,
    "mekanismdelight:tin_knife": true,
    "mekanismdelight:uranium_knife": true,
    "mace_port:mace": true,
    "mowziesmobs:sand_rake": true,
    "mowziesmobs:geomancer_beads": true,
    "mowziesmobs:geomancer_robe": true,
    "mowziesmobs:geomancer_belt": true,
    "mowziesmobs:geomancer_sandals": true,
    "mowziesmobs:earthrend_gauntlet": true,
    "majruszsdifficulty:enderium_shovel": true,
    "majruszsdifficulty:enderium_pickaxe": true,
    "majruszsdifficulty:enderium_axe": true,
    "majruszsdifficulty:enderium_hoe": true,
    "majruszsdifficulty:tattered_helmet": true,
    "majruszsdifficulty:tattered_chestplate": true,
    "majruszsdifficulty:tattered_leggings": true,
    "majruszsdifficulty:tattered_boots": true,
    "majruszsdifficulty:enderium_helmet": true,
    "majruszsdifficulty:enderium_chestplate": true,
    "majruszsdifficulty:enderium_leggings": true,
    "majruszsdifficulty:enderium_boots": true,
    "soulsweapons:darkin_blade": true,
    "goety:frost_staff": true,
    "spartanshields:wooden_basic_shield": true,
    "spartanshields:wooden_tower_shield": true,
    "spartanshields:stone_basic_shield": true,
    "spartanshields:stone_tower_shield": true,
    "spartanshields:copper_basic_shield": true,
    "spartanshields:copper_tower_shield": true,
    "spartanshields:iron_basic_shield": true,
    "spartanshields:iron_tower_shield": true,
    "spartanshields:golden_basic_shield": true,
    "spartanshields:golden_tower_shield": true,
    "spartanshields:diamond_basic_shield": true,
    "spartanshields:diamond_tower_shield": true,
    "spartanshields:netherite_basic_shield": true,
    "spartanshields:netherite_tower_shield": true,
    "spartanshields:obsidian_basic_shield": true,
    "spartanshields:obsidian_tower_shield": true,
    "spartanshields:tin_basic_shield": true,
    "spartanshields:tin_tower_shield": true,
    "spartanshields:bronze_basic_shield": true,
    "spartanshields:bronze_tower_shield": true,
    "spartanshields:steel_basic_shield": true,
    "spartanshields:steel_tower_shield": true,
    "spartanshields:silver_basic_shield": true,
    "spartanshields:silver_tower_shield": true,
    "spartanshields:electrum_basic_shield": true,
    "spartanshields:electrum_tower_shield": true,
    "spartanshields:lead_basic_shield": true,
    "spartanshields:lead_tower_shield": true,
    "spartanshields:nickel_basic_shield": true,
    "spartanshields:nickel_tower_shield": true,
    "spartanshields:invar_basic_shield": true,
    "spartanshields:invar_tower_shield": true,
    "spartanshields:constantan_basic_shield": true,
    "spartanshields:constantan_tower_shield": true,
    "spartanshields:platinum_basic_shield": true,
    "spartanshields:platinum_tower_shield": true,
    "spartanshields:aluminum_basic_shield": true,
    "spartanshields:aluminum_tower_shield": true,
    "spartanshields:manasteel_basic_shield": true,
    "spartanshields:manasteel_tower_shield": true,
    "spartanshields:terrasteel_basic_shield": true,
    "spartanshields:terrasteel_tower_shield": true,
    "spartanshields:elementium_basic_shield": true,
    "spartanshields:elementium_tower_shield": true,
    "spartanshields:osmium_basic_shield": true,
    "spartanshields:lapis_lazuli_basic_shield": true,
    "spartanshields:refined_glowstone_basic_shield": true,
    "spartanshields:refined_obsidian_basic_shield": true,
    "spartanshields:signalum_basic_shield": true,
    "spartanshields:signalum_tower_shield": true,
    "spartanshields:lumium_basic_shield": true,
    "spartanshields:lumium_tower_shield": true,
    "spartanshields:enderium_basic_shield": true,
    "spartanshields:enderium_tower_shield": true,
    "combat_reborn:wooden_combat_shovel": true,
    "combat_reborn:wooden_combat_pickaxe": true,
    "combat_reborn:wooden_combat_axe": true,
    "combat_reborn:wooden_combat_hoe": true,
    "combat_reborn:stone_combat_shovel": true,
    "combat_reborn:stone_combat_pickaxe": true,
    "combat_reborn:stone_combat_axe": true,
    "combat_reborn:stone_combat_hoe": true,
    "combat_reborn:iron_combat_shovel": true,
    "combat_reborn:iron_combat_pickaxe": true,
    "combat_reborn:iron_combat_axe": true,
    "combat_reborn:iron_combat_hoe": true,
    "combat_reborn:golden_combat_shovel": true,
    "combat_reborn:golden_combat_pickaxe": true,
    "combat_reborn:golden_combat_axe": true,
    "combat_reborn:golden_combat_hoe": true,
    "combat_reborn:diamond_combat_shovel": true,
    "combat_reborn:diamond_combat_pickaxe": true,
    "combat_reborn:diamond_combat_axe": true,
    "combat_reborn:diamond_combat_hoe": true,
    "combat_reborn:netherite_combat_shovel": true,
    "combat_reborn:netherite_combat_pickaxe": true,
    "combat_reborn:netherite_combat_axe": true,
    "combat_reborn:netherite_combat_hoe": true,
    "combat_reborn:wooden_throwing_knife": true,
    "combat_reborn:stone_throwing_knife": true,
    "combat_reborn:iron_throwing_knife": true,
    "combat_reborn:golden_throwing_knives": true,
    "combat_reborn:diamond_throwing_knife": true,
    "combat_reborn:netherite_throwing_knife": true,
    "combat_reborn:targe": true,
    "combat_reborn:enchantment_tablet": true,
    "combat_reborn:shield_enchant_tablet": true,
    "combat_reborn:whetstone": true,
    "craziness_awakened:ultimate_pickaxe": true,
    "craziness_awakened:ultimate_axe": true,
    "craziness_awakened:ultimate_shovel": true,
    "craziness_awakened:ultimate_hoe": true,
    "craziness_awakened:ultimate_trident": true,
    "craziness_awakened:ultimate_fishing_rod": true,
    "craziness_awakened:emeralds_pickaxe": true,
    "craziness_awakened:emeralds_axe": true,
    "craziness_awakened:emeralds_shovel": true,
    "craziness_awakened:emeralds_hoe": true,
    "craziness_awakened:amethyst_pickaxe": true,
    "craziness_awakened:amethyst_axe": true,
    "craziness_awakened:amethyst_shovel": true,
    "craziness_awakened:amethyst_hoe": true,
    "craziness_awakened:crystal_wood_pickaxe": true,
    "craziness_awakened:crystal_wood_axe": true,
    "craziness_awakened:crystal_wood_shovel": true,
    "craziness_awakened:crystal_wood_hoe": true,
    "craziness_awakened:kyanite_pickaxe": true,
    "craziness_awakened:kyanite_axe": true,
    "craziness_awakened:kyanite_shovel": true,
    "craziness_awakened:kyanite_hoe": true,
    "craziness_awakened:pink_tourmaline_pickaxe": true,
    "craziness_awakened:pink_tourmaline_axe": true,
    "craziness_awakened:pink_tourmaline_shovel": true,
    "craziness_awakened:pink_tourmaline_hoe": true,
    "craziness_awakened:tigers_eye_pickaxe": true,
    "craziness_awakened:tigers_eye_axe": true,
    "craziness_awakened:tigers_eye_shovel": true,
    "craziness_awakened:tigers_eye_hoe": true,
    "craziness_awakened:rubys_pickaxe": true,
    "craziness_awakened:rubys_axe": true,
    "craziness_awakened:rubys_shovel": true,
    "craziness_awakened:rubys_hoe": true,
    "craziness_awakened:attitude_adjuster": true,
    "craziness_awakened:impact": true,
    "craziness_awakened:squid_zooka": true,
    "craziness_awakened:icicle_launcher": true,
    "craziness_awakened:raygun": true,
    "craziness_awakened:ultimate_bow": true,
    "craziness_awakened:thunder_staff": true,
    "craziness_awakened:ultimate_armor_helmet": true,
    "craziness_awakened:ultimate_armor_chestplate": true,
    "craziness_awakened:ultimate_armor_leggings": true,
    "craziness_awakened:ultimate_armor_boots": true,
    "craziness_awakened:emeralds_armor_helmet": true,
    "craziness_awakened:emeralds_armor_chestplate": true,
    "craziness_awakened:emeralds_armor_leggings": true,
    "craziness_awakened:emeralds_armor_boots": true,
    "craziness_awakened:experience_armor_helmet": true,
    "craziness_awakened:experience_armor_chestplate": true,
    "craziness_awakened:experience_armor_leggings": true,
    "craziness_awakened:experience_armor_boots": true,
    "craziness_awakened:amethyst_armor_helmet": true,
    "craziness_awakened:amethyst_armor_chestplate": true,
    "craziness_awakened:amethyst_armor_leggings": true,
    "craziness_awakened:amethyst_armor_boots": true,
    "craziness_awakened:ruby_armor_helmet": true,
    "craziness_awakened:ruby_armor_chestplate": true,
    "craziness_awakened:ruby_armor_leggings": true,
    "craziness_awakened:ruby_armor_boots": true,
    "craziness_awakened:pink_tourmalinea_armor_helmet": true,
    "craziness_awakened:pink_tourmalinea_armor_chestplate": true,
    "craziness_awakened:pink_tourmalinea_armor_leggings": true,
    "craziness_awakened:pink_tourmalinea_armor_boots": true,
    "craziness_awakened:tigers_eyes_helmet": true,
    "craziness_awakened:tigers_eyes_chestplate": true,
    "craziness_awakened:tigers_eyes_leggings": true,
    "craziness_awakened:tigers_eyes_boots": true,
    "craziness_awakened:lavaa_eel_helmet": true,
    "craziness_awakened:lavaa_eel_chestplate": true,
    "craziness_awakened:lavaa_eel_leggings": true,
    "craziness_awakened:lavaa_eel_boots": true,
    "craziness_awakened:peacock_feathers_helmet": true,
    "craziness_awakened:peacock_feathers_chestplate": true,
    "craziness_awakened:peacock_feathers_leggings": true,
    "craziness_awakened:peacock_feathers_boots": true,
    "craziness_awakened:lapis_helmet": true,
    "craziness_awakened:lapis_chestplate": true,
    "craziness_awakened:lapis_leggings": true,
    "craziness_awakened:lapis_boots": true,
    "craziness_awakened:mothra_scale_helmet": true,
    "craziness_awakened:mothra_scale_chestplate": true,
    "craziness_awakened:mothra_scale_leggings": true,
    "craziness_awakened:mothra_scale_boots": true,
    "craziness_awakened:rhyno_helmet": true,
    "craziness_awakened:rhyno_chestplate": true,
    "craziness_awakened:rhyno_leggings": true,
    "craziness_awakened:rhyno_boots": true,
    "craziness_awakened:mobzillas_helmet": true,
    "craziness_awakened:mobzillas_chestplate": true,
    "craziness_awakened:mobzillas_leggings": true,
    "craziness_awakened:mobzillas_boots": true,
    "craziness_awakened:royal_guardian_helmet": true,
    "craziness_awakened:royal_guardian_chestplate": true,
    "craziness_awakened:royal_guardian_leggings": true,
    "craziness_awakened:royal_guardian_boots": true,
    "craziness_awakened:sifter": true,
    "craziness_awakened:experience_catcher": true,
    "craziness_awakened:duct_tape": true,
    "trials:mace": true,
    "twilightforest:giant_sword": true,
    "goety:reaping_focus": true,
    "pasterdream:pen_and_ink": true,
    "pasterdream:sorbent": true,
    "pasterdream:pale_boneneedle": true,
    "pasterdream:copper_pickaxe": true,
    "pasterdream:copper_axe": true,
    "pasterdream:copper_shovel": true,
    "pasterdream:copper_hoe": true,
    "pasterdream:copper_armor_helmet": true,
    "pasterdream:copper_armor_chestplate": true,
    "pasterdream:copper_armor_leggings": true,
    "pasterdream:copper_armor_boots": true,
    "pasterdream:titanium_pickaxe": true,
    "pasterdream:titanium_axe": true,
    "pasterdream:titanium_shovel": true,
    "pasterdream:titanium_hoe": true,
    "pasterdream:titanium_armor_helmet": true,
    "pasterdream:titanium_armor_chestplate": true,
    "pasterdream:titanium_armor_leggings": true,
    "pasterdream:titanium_armor_boots": true,
    "pasterdream:sculk_armor_helmet": true,
    "pasterdream:sculk_armor_chestplate": true,
    "pasterdream:sculk_armor_leggings": true,
    "pasterdream:sculk_armor_boots": true,
    "pasterdream:dyedream_pickaxe": true,
    "pasterdream:dyedream_axe": true,
    "pasterdream:dyedream_shovel": true,
    "pasterdream:dyedream_hoe": true,
    "pasterdream:dyedream_hammer": true,
    "pasterdream:dyedream_armor_helmet": true,
    "pasterdream:dyedream_armor_chestplate": true,
    "pasterdream:dyedream_armor_leggings": true,
    "pasterdream:dyedream_armor_boots": true,
    "pasterdream:moltengold_pickaxe": true,
    "pasterdream:true_moltengold_pickaxe": true,
    "pasterdream:moltengold_axe": true,
    "pasterdream:moltengold_shovel": true,
    "pasterdream:moltengold_hoe": true,
    "pasterdream:meltdream_pickaxe": true,
    "pasterdream:meltdream_axe": true,
    "pasterdream:meltdream_shovel": true,
    "pasterdream:meltdream_hoe": true,
    "pasterdream:shadow_erosion_pickaxe": true,
    "pasterdream:shadow_erosion_axe": true,
    "pasterdream:shadow_erosion_hoe": true,
    "pasterdream:shadow_erosion_shovel": true,
    "pasterdream:pliers": true,
    "pasterdream:nature_belt": true,
    "pasterdream:garland": true,
    "pasterdream:machine_wing_chestplate": true,
    "pasterdream:forsakens_wing_chestplate": true,
    "pasterdream:angel_wing_chestplate": true,
    "twilightaether:arctic_gloves": true,
    "twilightaether:fiery_gloves": true,
    "twilightaether:knightmetal_gloves": true,
    "twilightaether:phantom_gloves": true,
    "twilightaether:yeti_gloves": true,
    "twilightaether:fiery_cape": true,
    "aether_redux:veridium_shovel": true,
    "aether_redux:veridium_pickaxe": true,
    "aether_redux:veridium_axe": true,
    "aether_redux:veridium_hoe": true,
    "aether_redux:infused_veridium_shovel": true,
    "aether_redux:infused_veridium_pickaxe": true,
    "aether_redux:infused_veridium_axe": true,
    "aether_redux:infused_veridium_hoe": true,
    "ancient_aether:divine_shovel": true,
    "ancient_aether:divine_pickaxe": true,
    "ancient_aether:divine_axe": true,
    "ancient_aether:divine_hoe": true,
    "ancient_aether:valkyrum_shovel": true,
    "ancient_aether:valkyrum_pickaxe": true,
    "ancient_aether:valkyrum_axe": true,
    "ancient_aether:valkyrum_hoe": true,
    "deep_aether:stratus_shovel": true,
    "deep_aether:stratus_pickaxe": true,
    "deep_aether:stratus_axe": true,
    "deep_aether:stratus_hoe": true,
    "deep_aether:stratus_shield": true,
    "aethergearexpansion:aetherite_shovel": true,
    "aethergearexpansion:aetherite_pickaxe": true,
    "aethergearexpansion:aetherite_axe": true,
    "aethergearexpansion:aetherite_hoe": true,
    "ancient_aether:aeronautic_dart_shooter": true,
    "aether_redux:veridium_dart_shooter": true,
    "aether_redux:infused_veridium_dart_shooter": true,
    "aether_redux:subzero_crossbow": true,
    "deep_aether:storm_bow": true,
    "ancient_aether:valkyrum_helmet": true,
    "ancient_aether:valkyrum_chestplate": true,
    "ancient_aether:valkyrum_leggings": true,
    "ancient_aether:valkyrum_boots": true,
    "ancient_aether:valkyrum_gloves": true,
    "deep_aether:stratus_helmet": true,
    "deep_aether:stratus_chestplate": true,
    "deep_aether:stratus_leggings": true,
    "deep_aether:stratus_boots": true,
    "deep_aether:stratus_gloves": true,
    "deep_aether:stormforged_helmet": true,
    "deep_aether:stormforged_chestplate": true,
    "deep_aether:stormforged_leggings": true,
    "deep_aether:stormforged_boots": true,
    "deep_aether:stormforged_gloves": true,
    "aethergearexpansion:aetherite_helmet": true,
    "aethergearexpansion:aetherite_chestplate": true,
    "aethergearexpansion:aetherite_leggings": true,
    "aethergearexpansion:aetherite_boots": true,
    "aethergearexpansion:aetherite_gloves": true,
    "aethergearexpansion:berserker_helmet": true,
    "aethergearexpansion:berserker_chestplate": true,
    "aethergearexpansion:berserker_leggings": true,
    "aethergearexpansion:berserker_boots": true,
    "aethergearexpansion:berserker_gloves": true,
    "deep_aether:gravitite_ring": true,
    "deep_aether:stratus_ring": true,
    "deep_aether:spooky_ring": true,
    "aethergearexpansion:lucky_ring": true,
    "aethergearexpansion:neptune_pendant": true,
    "aethergearexpansion:valkyrie_ring": true,
    "aethergearexpansion:berserker_ring": true,
    "aethergearexpansion:vampire_ring": true,
    "deep_aether:slider_eye": true,
    "deep_aether:afterburner": true,
    "deep_aether:wind_shield": true,
    "delightful:veridium_knife": true,
    "delightful:infused_veridium_knife": true,
    "delightful:stratus_knife": true,
    "delightful:valkyrum_knife": true,
    "ancient_aether:valkyrum_sword": true,
    "dungeonsmod:king_crown": true,
    "dungeonsmod:crawler_helmet": true,
    "dungeonsmod:crawler_chestplate": true,
    "dungeonsmod:crawler_leggins": true,
    "dungeonsmod:crawler_boots": true,
    "dungeonsmod:charge_launcher": true,
    "dungeonsmod:void_tome": true,
    "dungeonsmod:potion_straw": true,
    "minecraft:stone_sword": true,
    "goety:leaping_focus": false,
    "minecraft:stone": false,
    "goety:ominous_staff": false,
    "cataclysm:bulwark_of_the_flame": false,
    "mobbattle:mob_kill": false,
    "mobbattle:mob_heal": false,
    "mobbattle:mob_armor": false,
    "wstweaks:lava_blade": true,
    "twilightforest:fiery_sword": true,
    "armageddon_mod:the_voidfang_saber": true,
    "born_in_chaos_v1:supreme_measure": false,
    "cataclysm:the_annihilator": false,
    "cataclysm:the_immolator": false,
    "minecraft:writable_book": false,
    "cataclysm:infernal_forge": false,
    "goety_revelation:revelation_focus": false,
    "fantasy_ending:void_collapsing_bow": false,
    "fantasy_ending:fantasy_ending_boots": false,
    "fantasy_ending:fantasy_ending_chestplate": false,
    "fantasy_ending:fantasy_ending_helmet": false,
    "fantasy_ending:fantasy_ending_leggings": false,
    "fantasy_ending:dream_shadow_boots": false,
    "fantasy_ending:dream_shadow_chestplate": false,
    "fantasy_ending:dream_shadow_helmet": false,
    "fantasy_ending:dream_shadow_leggings": false,
    "fantasy_ending:dream_shadow_axe": false,
    "fantasy_ending:dream_shadow_bow": false,
    "fantasy_ending:dream_shadow_hoe": false,
    "fantasy_ending:dream_shadow_pickaxe": false,
    "fantasy_ending:dream_shadow_shovel": false,
    "fantasy_ending:nether_star_boots": false,
    "fantasy_ending:nether_star_chestplate": false,
    "fantasy_ending:nether_star_helmet": false,
    "fantasy_ending:nether_star_leggings": false,
    "fantasy_ending:nether_star_axe": false,
    "fantasy_ending:nether_star_bow": false,
    "fantasy_ending:nether_star_hoe": false,
    "fantasy_ending:nether_star_pickaxe": false,
    "fantasy_ending:nether_star_shovel": false,
    "fantasy_ending:star_particle_boots": false,
    "fantasy_ending:star_particle_chestplate": false,
    "fantasy_ending:star_particle_helmet": false,
    "fantasy_ending:star_particle_leggings": false,
    "fantasy_ending:star_particle_bow": false,
    "fantasy_ending:faded_dragon": false,
    "fantasy_ending:puro_mask": false,
    "fantasy_ending:dream_shadow_sword": true,
    "torchesbecomesunlight:halberd": false,
    "aether:vampire_blade": true,
    "irons_spellbooks:scroll": false,
    "sons_of_sins:blood_bucket": false,
    "minecraft:iron_golem_spawn_egg": false,
    "enchantwithmob:enchanter_hat": false,
    "enchantwithmob:enchanter_clothes": false,
    "enchantwithmob:enchanter_boots": false,
    "enchantwithmob:mob_unenchant_book": false,
    "enchantwithmob:mob_enchant_book": false,
    "enchantwithmob:enchanters_book": false,
    "tofucraft:reflect_tofu_shield": false,
    "tofucraft:tofuscoop": false,
    "tofucraft:tofustick": false,
    "tofucraft:tofu_kinu_axe": false,
    "tofucraft:tofu_kinu_pickaxe": false,
    "tofucraft:tofu_kinu_shovel": false,
    "tofucraft:tofu_kinu_hoe": false,
    "tofucraft:tofu_momen_axe": false,
    "tofucraft:tofu_momen_pickaxe": false,
    "tofucraft:tofu_momen_shovel": false,
    "tofucraft:tofu_momen_hoe": false,
    "tofucraft:tofu_solid_axe": false,
    "tofucraft:tofu_solid_pickaxe": false,
    "tofucraft:tofu_solid_shovel": false,
    "tofucraft:tofu_solid_hoe": false,
    "tofucraft:tofu_metal_axe": false,
    "tofucraft:tofu_metal_pickaxe": false,
    "tofucraft:tofu_metal_shovel": false,
    "tofucraft:tofu_metal_hoe": false,
    "tofucraft:tofu_shield": false,
    "tofucraft:tofu_metal_shears": false,
    "tofucraft:tofu_diamond_axe": false,
    "tofucraft:tofu_diamond_pickaxe": false,
    "tofucraft:tofu_diamond_shovel": false,
    "tofucraft:tofu_diamond_hoe": false,
    "tofucraft:tofu_kinu_helmet": false,
    "tofucraft:tofu_kinu_chestplate": false,
    "tofucraft:tofu_kinu_leggings": false,
    "tofucraft:tofu_kinu_boots": false,
    "tofucraft:tofu_momen_helmet": false,
    "tofucraft:tofu_momen_chestplate": false,
    "tofucraft:tofu_momen_leggings": false,
    "tofucraft:tofu_momen_boots": false,
    "tofucraft:tofu_solid_helmet": false,
    "tofucraft:tofu_solid_chestplate": false,
    "tofucraft:tofu_solid_leggings": false,
    "tofucraft:tofu_solid_boots": false,
    "tofucraft:tofu_metal_helmet": false,
    "tofucraft:tofu_metal_chestplate": false,
    "tofucraft:tofu_metal_leggings": false,
    "tofucraft:tofu_metal_boots": false,
    "tofucraft:tofu_diamond_helmet": false,
    "tofucraft:tofu_diamond_chestplate": false,
    "tofucraft:tofu_diamond_leggings": false,
    "tofucraft:tofu_diamond_boots": false,
    "tofucraft:sculk_bone_helmet": false,
    "tofucraft:sculk_bone_chestplate": false,
    "tofucraft:sculk_bone_leggings": false,
    "tofucraft:sculk_bone_boots": false,
    "tofucraft:zunda_bow": false,
    "tofucraft:zundamushroom_on_a_stick": false,
    "tofucraft:fukumame": false,
    "tofucraft:nether_fukumame": false,
    "tofucraft:soul_fukumame": false,
    "tofudelight:tofu_metal_knife": false,
    "tofudelight:tofu_diamond_knife": false,
    "cataclysm:void_assault_shoulder_weapon": false,
    "goety:nameless_staff": false,
    "soulsweapons:translucent_glaive": true,
    "soulsweapons:returning_knight_spawn_egg": false,
    "waifu_of_god:exnetherite_boobs_armor_chestplate": false,
    "waifu_of_god:netherite_boobs_armor_chestplate": false,
    "waifu_of_god:diamond_boobs_armor_chestplate": false,
    "waifu_of_god:gold_boobs_armor_chestplate": false,
    "waifu_of_god:iron_boobs_armor_chestplate": false,
    "waifu_of_god:chain_boobs_armor_chestplate": false,
    "waifu_of_god:han_tinh_thuong": false,
    "waifu_of_god:ngoc_lan_quang_truong": false,
    "waifu_of_god:loi_dinh_chan_khien": false,
    "waifu_of_god:am_duong_song_dao": false,
    "waifu_of_god:phong_linh_kiem": false,
    "waifu_of_god:nguyet_anh_kiem": false,
    "waifu_of_god:hac_binh_giap_chestplate": false,
    "waifu_of_god:hac_binh_giap_leggings": false,
    "waifu_of_god:hac_binh_giap_boots": false,
    "waifu_of_god:huyen_binh_giap_chestplate": false,
    "waifu_of_god:huyen_binh_giap_leggings": false,
    "waifu_of_god:huyen_binh_giap_boots": false,
    "waifu_of_god:loi_binh_giap_chestplate": false,
    "waifu_of_god:loi_binh_giap_leggings": false,
    "waifu_of_god:loi_binh_giap_boots": false,
    "waifu_of_god:than_binh_giap_chestplate": false,
    "waifu_of_god:than_binh_giap_leggings": false,
    "waifu_of_god:than_binh_giap_boots": false,
    "waifu_of_god:thach_toai_phu": false,
    "waifu_of_god:hoang_tho_tac": false,
    "waifu_of_god:son_xuyen_phien": false,
    "fromtheshadows:diabolium_helmet": false,
    "fromtheshadows:diabolium_chest": false,
    "fromtheshadows:diabolium_leggings": false,
    "fromtheshadows:crust_helmet": false,
    "fromtheshadows:crust_chest": false,
    "fromtheshadows:crust_leggings": false,
    "fromtheshadows:plague_doctor_mask": false,
    "goety:wind_staff": false,
    "the_forgotten_dimensions:skyrium_cobblestone_hoe": false,
    "the_forgotten_dimensions:perma_frost": false,
    "the_forgotten_dimensions:ryumsky": false,
    "the_forgotten_dimensions:skyrium_cobblestone_pickaxe": false,
    "the_forgotten_dimensions:skyrium_cobblestone_shovel": false,
    "the_forgotten_dimensions:skyrium_cobblestone_axe": false,
    "the_forgotten_dimensions:skylite_pickaxe": false,
    "the_forgotten_dimensions:skylite_hoe": false,
    "the_forgotten_dimensions:skylite_shovel": false,
    "the_forgotten_dimensions:skylite_axe": false,
    "the_forgotten_dimensions:thunderite_pickaxe": false,
    "the_forgotten_dimensions:thunderite_hoe": false,
    "the_forgotten_dimensions:thunderite_shovel": false,
    "the_forgotten_dimensions:thunderite_axe": false,
    "the_forgotten_dimensions:scorite_pickaxe": false,
    "the_forgotten_dimensions:scorite_hoe": false,
    "the_forgotten_dimensions:scorite_shovel": false,
    "the_forgotten_dimensions:scorite_axe": false,
    "the_forgotten_dimensions:skylite_feather_launcher": false,
    "the_forgotten_dimensions:lightning_bolt": false,
    "the_forgotten_dimensions:light_skylite_helmet": false,
    "the_forgotten_dimensions:light_skylite_chestplate": false,
    "the_forgotten_dimensions:light_skylite_leggings": false,
    "the_forgotten_dimensions:light_skylite_boots": false,
    "the_forgotten_dimensions:heavy_skylite_armor_helmet": false,
    "the_forgotten_dimensions:heavy_skylite_armor_chestplate": false,
    "the_forgotten_dimensions:heavy_skylite_armor_leggings": false,
    "the_forgotten_dimensions:heavy_skylite_armor_boots": false,
    "the_forgotten_dimensions:blaze_staff": false,
    "the_forgotten_dimensions:blaze_crossbow": false,
    "the_forgotten_dimensions:redstone_powered_copper_helmet": false,
    "the_forgotten_dimensions:redstone_powered_copper_chestplate": false,
    "the_forgotten_dimensions:redstone_powered_copper_leggings": false,
    "the_forgotten_dimensions:redstone_powered_copper_boots": false,
    "the_forgotten_dimensions:spy_glasses_helmet": false,
    "the_forgotten_dimensions:compressed_snow_pickaxe": false,
    "the_forgotten_dimensions:compressed_snow_hoe": false,
    "the_forgotten_dimensions:compressed_snow_shovel": false,
    "the_forgotten_dimensions:compressed_snow_axe": false,
    "the_forgotten_dimensions:metallic_snow_pickaxe": false,
    "the_forgotten_dimensions:metallic_snow_axe": false,
    "the_forgotten_dimensions:metallic_snow_shovel": false,
    "the_forgotten_dimensions:metallic_snow_hoe": false,
    "the_forgotten_dimensions:metallic_snow_shield": false,
    "the_forgotten_dimensions:true_ice_pickaxe": false,
    "the_forgotten_dimensions:true_ice_axe": false,
    "the_forgotten_dimensions:true_ice_shovel": false,
    "the_forgotten_dimensions:true_ice_hoe": false,
    "the_forgotten_dimensions:azurite_pickaxe": false,
    "the_forgotten_dimensions:azurite_axe": false,
    "the_forgotten_dimensions:azurite_shovel": false,
    "the_forgotten_dimensions:azurite_hoe": false,
    "the_forgotten_dimensions:mendalum_bow": false,
    "the_forgotten_dimensions:metallic_snow_flintlock": false,
    "the_forgotten_dimensions:core_staff": false,
    "the_forgotten_dimensions:birthling_staff": false,
    "the_forgotten_dimensions:padded_leather_helmet": false,
    "the_forgotten_dimensions:padded_leather_chestplate": false,
    "the_forgotten_dimensions:padded_leather_leggings": false,
    "the_forgotten_dimensions:padded_leather_boots": false,
    "the_forgotten_dimensions:metal_snow_helmet": false,
    "the_forgotten_dimensions:metal_snow_chestplate": false,
    "the_forgotten_dimensions:metal_snow_leggings": false,
    "the_forgotten_dimensions:metal_snow_boots": false,
    "the_forgotten_dimensions:true_icyllium_armor_helmet": false,
    "the_forgotten_dimensions:true_icyllium_armor_chestplate": false,
    "the_forgotten_dimensions:true_icyllium_armor_leggings": false,
    "the_forgotten_dimensions:true_icyllium_armor_boots": false,
    "the_forgotten_dimensions:ice_vessel_helmet": false,
    "the_forgotten_dimensions:ice_vessel_chestplate": false,
    "the_forgotten_dimensions:ice_vessel_leggings": false,
    "the_forgotten_dimensions:ice_vessel_boots": false,
    "the_forgotten_dimensions:azurite_helmet": false,
    "the_forgotten_dimensions:azurite_chestplate": false,
    "the_forgotten_dimensions:azurite_leggings": false,
    "the_forgotten_dimensions:azurite_boots": false,
    "the_forgotten_dimensions:bone_needle": false,
    "the_forgotten_dimensions:bone_knife": false,
    "the_forgotten_dimensions:ice_ray_cast": false,
    "the_forgotten_dimensions:spectralism_blade": true,
    "tofucraft:tofu_diamond_sword": true
}