{
  "armorSetName": "aquite",
  "performanceMode": true,
  "head": {
    "itemKey": "blue_skies:aquite_helmet",
    "mustBeEmpty": false
  },
  "chest": {
    "itemKey": "blue_skies:aquite_chestplate",
    "mustBeEmpty": false
  },
  "legs": {
    "itemKey": "blue_skies:aquite_leggings",
    "mustBeEmpty": false
  },
  "boots": {
    "itemKey": "blue_skies:aquite_boots",
    "mustBeEmpty": false
  },
  "fullSetBonuses": [
    {
      "type": "effect",
      "name": "minecraft:conduit_power",
      "value": 0.0,
      "interactionType": "self",
      "interactionDuration": 300,
      "hideBonusDescription": false,
      "onlyImmuneToNewEffects": false
    }
  ],
  "hideGeneratedTooltip": false
}