{
  "armorSetName": "charoite",
  "performanceMode": true,
  "head": {
    "itemKey": "blue_skies:charoite_helmet",
    "mustBeEmpty": false
  },
  "chest": {
    "itemKey": "blue_skies:charoite_chestplate",
    "mustBeEmpty": false
  },
  "legs": {
    "itemKey": "blue_skies:charoite_leggings",
    "mustBeEmpty": false
  },
  "boots": {
    "itemKey": "blue_skies:charoite_boots",
    "mustBeEmpty": false
  },
  "fullSetBonuses": [
    {
      "type": "effect",
      "name": "goety:tremor_sense",
      "value": 0.0,
      "interactionType": "self",
      "interactionDuration": 300,
      "hideBonusDescription": false,
      "onlyImmuneToNewEffects": false
    }
  ],
  "hideGeneratedTooltip": false
}