{
  "armorSetName": "curse",
  "performanceMode": true,
  "head": {
    "itemKey": "cataclysm:cursium_helmet",
    "mustBeEmpty": false
  },
  "legs": {
    "itemKey": "cataclysm:cursium_leggings",
    "mustBeEmpty": false
  },
  "boots": {
    "itemKey": "cataclysm:cursium_boots",
    "mustBeEmpty": false
  },
  "fullSetBonuses": [
    {
      "type": "effect",
      "name": "parcool:inexhaustible",
      "value": 0.0,
      "interactionType": "self",
      "interactionDuration": 300,
      "hideBonusDescription": false,
      "onlyImmuneToNewEffects": false
    }
  ],
  "hideGeneratedTooltip": false
}