{
  "armorSetName": "dark",
  "performanceMode": true,
  "head": {
    "itemKey": "goety:dark_helmet",
    "mustBeEmpty": false
  },
  "chest": {
    "itemKey": "goety:dark_chestplate",
    "mustBeEmpty": false
  },
  "legs": {
    "itemKey": "goety:dark_leggings",
    "mustBeEmpty": false
  },
  "boots": {
    "itemKey": "goety:dark_boots",
    "mustBeEmpty": false
  },
  "fullSetBonuses": [
    {
      "type": "effect",
      "name": "minecraft:night_vision",
      "value": 0.0,
      "interactionType": "self",
      "interactionDuration": 300,
      "hideBonusDescription": false,
      "onlyImmuneToNewEffects": false
    }
  ],
  "hideGeneratedTooltip": false
}