{
  "armorSetName": "diopside",
  "performanceMode": true,
  "head": {
    "itemKey": "blue_skies:diopside_helmet",
    "mustBeEmpty": false
  },
  "chest": {
    "itemKey": "blue_skies:diopside_chestplate",
    "mustBeEmpty": false
  },
  "legs": {
    "itemKey": "blue_skies:diopside_leggings",
    "mustBeEmpty": false
  },
  "boots": {
    "itemKey": "blue_skies:diopside_boots",
    "mustBeEmpty": false
  },
  "fullSetBonuses": [
    {
      "type": "effect",
      "name": "goety:repulsive",
      "value": 0.0,
      "interactionType": "self",
      "interactionDuration": 300,
      "hideBonusDescription": false,
      "onlyImmuneToNewEffects": false
    }
  ],
  "hideGeneratedTooltip": false
}