{
  "armorSetName": "dragon fire",
  "performanceMode": true,
  "head": {
    "itemKey": "iceandfire:dragonsteel_fire_helmet",
    "mustBeEmpty": false
  },
  "chest": {
    "itemKey": "iceandfire:dragonsteel_fire_chestplate",
    "mustBeEmpty": false
  },
  "legs": {
    "itemKey": "iceandfire:dragonsteel_fire_leggings",
    "mustBeEmpty": false
  },
  "boots": {
    "itemKey": "iceandfire:dragonsteel_fire_boots",
    "mustBeEmpty": false
  },
  "fullSetBonuses": [
    {
      "type": "effect",
      "name": "minecraft:fire_resistance",
      "value": 0.0,
      "interactionType": "self",
      "interactionDuration": 300,
      "hideBonusDescription": false,
      "onlyImmuneToNewEffects": false
    }
  ],
  "hideGeneratedTooltip": false
}