{
  "armorSetName": "dragon ice",
  "performanceMode": true,
  "head": {
    "itemKey": "iceandfire:dragonsteel_ice_helmet",
    "mustBeEmpty": false
  },
  "chest": {
    "itemKey": "iceandfire:dragonsteel_ice_chestplate",
    "mustBeEmpty": false
  },
  "legs": {
    "itemKey": "iceandfire:dragonsteel_ice_leggings",
    "mustBeEmpty": false
  },
  "boots": {
    "itemKey": "iceandfire:dragonsteel_ice_boots",
    "mustBeEmpty": false
  },
  "fullSetBonuses": [
    {
      "type": "effect",
      "name": "cofh_core:cold_resistance",
      "value": 0.0,
      "interactionType": "self",
      "interactionDuration": 300,
      "hideBonusDescription": false,
      "onlyImmuneToNewEffects": false
    }
  ],
  "hideGeneratedTooltip": false
}