{
  "armorSetName": "fiery",
  "performanceMode": true,
  "head": {
    "itemKey": "twilightforest:fiery_helmet",
    "mustBeEmpty": false
  },
  "chest": {
    "itemKey": "twilightforest:fiery_chestplate",
    "mustBeEmpty": false
  },
  "legs": {
    "itemKey": "twilightforest:fiery_leggings",
    "mustBeEmpty": false
  },
  "boots": {
    "itemKey": "twilightforest:fiery_boots",
    "mustBeEmpty": false
  },
  "fullSetBonuses": [
    {
      "type": "effect",
      "name": "goety:fiery_aura",
      "value": 0.0,
      "interactionType": "self",
      "interactionDuration": 300,
      "hideBonusDescription": false,
      "onlyImmuneToNewEffects": false
    }
  ],
  "hideGeneratedTooltip": false
}