{
  "armorSetName": "gravitite",
  "performanceMode": true,
  "head": {
    "itemKey": "aether:gravitite_helmet",
    "mustBeEmpty": false
  },
  "chest": {
    "itemKey": "aether:gravitite_chestplate",
    "mustBeEmpty": false
  },
  "legs": {
    "itemKey": "aether:gravitite_leggings",
    "mustBeEmpty": false
  },
  "boots": {
    "itemKey": "aether:gravitite_boots",
    "mustBeEmpty": false
  },
  "fullSetBonuses": [
    {
      "type": "effect",
      "name": "goety:arrowmantic",
      "value": 0.0,
      "interactionType": "self",
      "interactionDuration": 300,
      "hideBonusDescription": false,
      "onlyImmuneToNewEffects": false
    }
  ],
  "hideGeneratedTooltip": false
}