{
  "armorSetName": "helrite",
  "performanceMode": true,
  "head": {
    "itemKey": "cataclysm:monstrous_helm",
    "mustBeEmpty": false
  },
  "chest": {
    "itemKey": "cataclysm_ut:helrite_chestplate",
    "mustBeEmpty": false
  },
  "legs": {
    "itemKey": "cataclysm_ut:helrite_leggings",
    "mustBeEmpty": false
  },
  "boots": {
    "itemKey": "cataclysm_ut:helrite_boots",
    "mustBeEmpty": false
  },
  "partialBonusRequiredAmount": 2,
  "partialSetBonuses": [
    {
      "type": "effect",
      "name": "minecraft:resistance",
      "value": 0.0,
      "interactionType": "self",
      "interactionDuration": 300,
      "hideBonusDescription": false,
      "onlyImmuneToNewEffects": false
    }
  ],
  "fullSetBonuses": [
    {
      "type": "effect",
      "name": "minecraft:fire_resistance",
      "value": 0.0,
      "interactionType": "self",
      "interactionDuration": 300,
      "hideBonusDescription": false,
      "onlyImmuneToNewEffects": false
    }
  ],
  "hideGeneratedTooltip": false
}