{
  "armorSetName": "horizonite",
  "performanceMode": true,
  "head": {
    "itemKey": "blue_skies:horizonite_helmet",
    "mustBeEmpty": false
  },
  "chest": {
    "itemKey": "blue_skies:horizonite_chestplate",
    "mustBeEmpty": false
  },
  "legs": {
    "itemKey": "blue_skies:horizonite_leggings",
    "mustBeEmpty": false
  },
  "boots": {
    "itemKey": "blue_skies:horizonite_boots",
    "mustBeEmpty": false
  },
  "fullSetBonuses": [
    {
      "type": "effect",
      "name": "goety:flame_hands",
      "value": 0.0,
      "interactionType": "self",
      "interactionDuration": 300,
      "hideBonusDescription": false,
      "onlyImmuneToNewEffects": false
    }
  ],
  "hideGeneratedTooltip": false
}