{
  "armorSetName": "ignitium",
  "performanceMode": true,
  "head": {
    "itemKey": "cataclysm:ignitium_helmet",
    "mustBeEmpty": false
  },
  "chest": {
    "itemKey": "cataclysm:ignitium_elytra_chestplate",
    "mustBeEmpty": false
  },
  "legs": {
    "itemKey": "cataclysm:ignitium_leggings",
    "mustBeEmpty": false
  },
  "boots": {
    "itemKey": "cataclysm:ignitium_boots",
    "mustBeEmpty": false
  },
  "fullSetBonuses": [
    {
      "type": "effect",
      "name": "farmersdelight:nourishment",
      "value": 0.0,
      "interactionType": "self",
      "interactionDuration": 300,
      "hideBonusDescription": false,
      "onlyImmuneToNewEffects": false
    }
  ],
  "hideGeneratedTooltip": false
}