{
  "armorSetName": "wrought",
  "performanceMode": true,
  "head": {
    "itemKey": "mowziesmobs:wrought_helmet",
    "mustBeEmpty": false
  },
  "chest": {
    "itemKey": "minecraft:iron_chestplate",
    "mustBeEmpty": false
  },
  "legs": {
    "itemKey": "minecraft:iron_leggings",
    "mustBeEmpty": false
  },
  "boots": {
    "itemKey": "minecraft:iron_boots",
    "mustBeEmpty": false
  },
  "fullSetBonuses": [
    {
      "type": "attribute",
      "name": "minecraft:generic.armor",
      "value": 8.0,
      "modifierUUID": "d5a7dc88-9405-4398-b1e5-250b4c6dd218",
      "description": "+8 armor",
      "attributeOperation": 0,
      "interactionType": "self",
      "interactionDuration": 300,
      "hideBonusDescription": false,
      "onlyImmuneToNewEffects": false
    }
  ],
  "hideGeneratedTooltip": false
}