{
  "armorSetName": "ironwood",
  "performanceMode": true,
  "head": {
    "itemKey": "twilightforest:ironwood_helmet",
    "mustBeEmpty": false
  },
  "chest": {
    "itemKey": "twilightforest:ironwood_chestplate",
    "mustBeEmpty": false
  },
  "legs": {
    "itemKey": "twilightforest:ironwood_leggings",
    "mustBeEmpty": false
  },
  "boots": {
    "itemKey": "twilightforest:ironwood_boots",
    "mustBeEmpty": false
  },
  "fullSetBonuses": [
    {
      "type": "effect",
      "name": "goety:buff",
      "value": 1.0,
      "interactionType": "self",
      "interactionDuration": 300,
      "hideBonusDescription": false,
      "onlyImmuneToNewEffects": false
    }
  ],
  "hideGeneratedTooltip": false
}