{
  "armorSetName": "knight",
  "performanceMode": true,
  "head": {
    "itemKey": "twilightforest:knightmetal_helmet",
    "mustBeEmpty": false
  },
  "chest": {
    "itemKey": "twilightforest:knightmetal_chestplate",
    "mustBeEmpty": false
  },
  "legs": {
    "itemKey": "twilightforest:knightmetal_leggings",
    "mustBeEmpty": false
  },
  "boots": {
    "itemKey": "twilightforest:knightmetal_boots",
    "mustBeEmpty": false
  },
  "fullSetBonuses": [
    {
      "type": "effect",
      "name": "majruszsdifficulty:bleeding_immunity",
      "value": 0.0,
      "interactionType": "self",
      "interactionDuration": 300,
      "hideBonusDescription": false,
      "onlyImmuneToNewEffects": false
    }
  ],
  "hideGeneratedTooltip": false
}