{
  "armorSetName": "knight2",
  "performanceMode": true,
  "head": {
    "itemKey": "twilightforest:phantom_helmet",
    "mustBeEmpty": false
  },
  "chest": {
    "itemKey": "twilightforest:phantom_chestplate",
    "mustBeEmpty": false
  },
  "legs": {
    "itemKey": "twilightforest:knightmetal_leggings",
    "mustBeEmpty": false
  },
  "boots": {
    "itemKey": "twilightforest:knightmetal_boots",
    "mustBeEmpty": false
  },
  "fullSetBonuses": [
    {
      "type": "effect",
      "name": "goety:save_effects",
      "value": 0.0,
      "interactionType": "self",
      "interactionDuration": 300,
      "hideBonusDescription": false,
      "onlyImmuneToNewEffects": false
    }
  ],
  "hideGeneratedTooltip": false
}