{
  "armorSetName": "obsidian",
  "performanceMode": true,
  "head": {
    "itemKey": "aether:obsidian_helmet",
    "mustBeEmpty": false
  },
  "chest": {
    "itemKey": "aether:obsidian_chestplate",
    "mustBeEmpty": false
  },
  "legs": {
    "itemKey": "aether:obsidian_leggings",
    "mustBeEmpty": false
  },
  "boots": {
    "itemKey": "aether:obsidian_boots",
    "mustBeEmpty": false
  },
  "fullSetBonuses": [
    {
      "type": "effect",
      "name": "champions:paralysis",
      "value": 9.0,
      "interactionType": "self",
      "interactionDuration": 300,
      "hideBonusDescription": false,
      "onlyImmuneToNewEffects": false
    }
  ],
  "hideGeneratedTooltip": false
}