{
  "armorSetName": "phoenix",
  "performanceMode": true,
  "head": {
    "itemKey": "aether:phoenix_helmet",
    "mustBeEmpty": false
  },
  "chest": {
    "itemKey": "aether:phoenix_chestplate",
    "mustBeEmpty": false
  },
  "legs": {
    "itemKey": "aether:phoenix_leggings",
    "mustBeEmpty": false
  },
  "boots": {
    "itemKey": "aether:phoenix_boots",
    "mustBeEmpty": false
  },
  "fullSetBonuses": [
    {
      "type": "effect",
      "name": "alexsmobs:sunbird_blessing",
      "value": 0.0,
      "interactionType": "self",
      "interactionDuration": 300,
      "hideBonusDescription": false,
      "onlyImmuneToNewEffects": false
    }
  ],
  "hideGeneratedTooltip": false
}