{
  "armorSetName": "steeleaf",
  "performanceMode": true,
  "head": {
    "itemKey": "twilightforest:steeleaf_helmet",
    "mustBeEmpty": false
  },
  "chest": {
    "itemKey": "twilightforest:steeleaf_chestplate",
    "mustBeEmpty": false
  },
  "legs": {
    "itemKey": "twilightforest:steeleaf_leggings",
    "mustBeEmpty": false
  },
  "boots": {
    "itemKey": "twilightforest:steeleaf_boots",
    "mustBeEmpty": false
  },
  "fullSetBonuses": [
    {
      "type": "effect",
      "name": "alexsmobs:poison_resistance",
      "value": 0.0,
      "interactionType": "self",
      "interactionDuration": 300,
      "hideBonusDescription": false,
      "onlyImmuneToNewEffects": false
    }
  ],
  "hideGeneratedTooltip": false
}