{
  "armorSetName": "tofudiamond",
  "performanceMode": true,
  "head": {
    "itemKey": "tofucraft:tofu_diamond_helmet",
    "mustBeEmpty": false
  },
  "chest": {
    "itemKey": "tofucraft:tofu_diamond_chestplate",
    "mustBeEmpty": false
  },
  "legs": {
    "itemKey": "tofucraft:tofu_diamond_leggings",
    "mustBeEmpty": false
  },
  "boots": {
    "itemKey": "tofucraft:tofu_diamond_boots",
    "mustBeEmpty": false
  },
  "fullSetBonuses": [
    {
      "type": "effect",
      "name": "cofh_core:explosion_resistance",
      "value": 0.0,
      "interactionType": "self",
      "interactionDuration": 300,
      "hideBonusDescription": false,
      "onlyImmuneToNewEffects": false
    }
  ],
  "hideGeneratedTooltip": false
}