{
  "armorSetName": "witherite",
  "performanceMode": true,
  "head": {
    "itemKey": "witherite_armor:witherite_helmet",
    "mustBeEmpty": false
  },
  "chest": {
    "itemKey": "witherite_armor:witherite_chestplate",
    "mustBeEmpty": false
  },
  "legs": {
    "itemKey": "witherite_armor:witherite_leggings",
    "mustBeEmpty": false
  },
  "boots": {
    "itemKey": "witherite_armor:witherite_boots",
    "mustBeEmpty": false
  },
  "fullSetBonuses": [
    {
      "type": "effect",
      "name": "born_in_chaos_v1:wither_resistance",
      "value": 0.0,
      "interactionType": "self",
      "interactionDuration": 300,
      "hideBonusDescription": false,
      "onlyImmuneToNewEffects": false
    }
  ],
  "hideGeneratedTooltip": false
}