{
  "armorSetName": "yeti",
  "performanceMode": true,
  "head": {
    "itemKey": "twilightforest:yeti_helmet",
    "mustBeEmpty": false
  },
  "chest": {
    "itemKey": "twilightforest:yeti_chestplate",
    "mustBeEmpty": false
  },
  "legs": {
    "itemKey": "twilightforest:yeti_leggings",
    "mustBeEmpty": false
  },
  "boots": {
    "itemKey": "twilightforest:yeti_boots",
    "mustBeEmpty": false
  },
  "fullSetBonuses": [
    {
      "type": "effect",
      "name": "goety:frosty_aura",
      "value": 0.0,
      "interactionType": "self",
      "interactionDuration": 300,
      "hideBonusDescription": false,
      "onlyImmuneToNewEffects": false
    }
  ],
  "hideGeneratedTooltip": false
}