{
  "JoustingScalingPerLevel": 1.2,
  "AftercutScalingPerLevel": 0.24,
  "AftercutRangeScaling": 2.5,
  "LethalitySpecialCriticalScalingPerLevel": 0.095,
  "LethalityBaseCriticalScalingPerLevel": 0.095,
  "GaleAspectMelleeScalingPerLevel": 0.25,
  "GustProjectileAirTime": 5,
  "GustProjectileDamage": 0.5,
  "FrostAspectMelleeScalingPerLevel": 22,
  "FreezeProjectileScaling": 35,
  "FreezeArea": 4.5,
  "FrostAspectArea": 4.5,
  "EarthAspectMelleeDamageScalingPerLevel": 0.5,
  "EarthenProjectileDamage": 1,
  "LeechingAspectScalingPerLevel": 0.0175,
  "LeechProjectileScaling": 0.025,
  "SoulfireAspectScalingPerLevel": 50,
  "SoulflameScalingPerLevel": 80,
  "SoulfireTickrate": 40,
  "SoulfireDamage": 1,
  "RetributionMinimumActiveTicks": 19,
  "RetributionActiveTicksPerLevel": 2,
  "RetributionReflectionPerLevel": 0.2,
  "RepulsionRange": 4,
  "RepulsionMinimumKnockback": 0.2,
  "RepulsionKnockbackPerLevel": 0.15,
  "RepulsionKnockbackPierce": 0.8,
  "RepulsionCooldown": 10,
  "RemoveFireIframes": true,
  "RemoveFreezeIframes": true
}