{
  "DoFlourishing": true,
  "DoSpecialCriticals": true,
  "BaseCriticalValue": 1.25,
  "DoBlocking": false,
  "BaseBlockingEndlag": 5,
  "DoMomentum": true,
  "MomentumFlourishDivisonFactor": 100,
  "MomentumCap": 120,
  "MomentumDecay": 1.5,
  "GroundAttackChargeRequirement": 0.848,
  "GroundAttackChargeRangeAddition": 0.0,
  "DoGroundAttackCharge": true,
  "DoSprintAirAttackMechanic": true,
  "SprintAirAttackTicks": 5,
  "BaseMomentumGain": 0.5,
  "DoDistanceDamage": true,
  "DoOldDistanceDamage": false
}